Student Number,Grade,Total Units,Avoided Time Slot,Selected Course 1,Selected Course 2,Selected Course 3,Success
1,4,8,5,001-SEM (1079),001-SEM (1541),NA,1
2,4,10,4,001-SEM (1048),002-SEM (1092),025-SEM (1461),0
3,4,10,4,002-SEM (1506),001-SEM (1524),002-SEM (1470),1
4,4,10,3,001-SEM (1108),001-SEM (1128),003-SEM (1527),1
5,4,8,4,001-LEC (1064),001-SEM (1076),NA,1
6,4,8,3,013-SEM (1183),001-SEM (1050),NA,1
7,4,10,4,001-SEM (1326),002-SEM (1827),002-SEM (1476),1
8,4,8,5,004-LEC (1387),001-SEM (1407),NA,0
9,4,8,3,001-LEC (1312),001-SEM (1099),NA,1
10,4,10,1,001-SEM (1078),025-SEM (1461),002-SEM (1318),1
11,4,8,2,022-SEM (1458),002-SEM (1074),020-SEM (1456),1
12,4,10,3,004-SEM (1440),001-LEC (1302),002-SEM (1060),1
13,4,10,2,001-SEM (1080),003-LEC (1328),001-SEM (1504),1
14,4,8,1,018-SEM (1188),001-SEM (1051),NA,1
15,4,8,3,001-SEM (1409),022-SEM (1458),001-SEM (1413),1
16,4,10,1,001-SEM (1409),001-SEM (1097),001-SEM (1081),0
17,4,10,3,002-SEM (1311),001-SEM (1505),001-SEM (1346),1
18,4,8,1,001-SEM (1052),001-SEM (1098),NA,1
19,4,10,2,001-SEM (1109),001-SEM (1063),022-SEM (1458),0
20,4,10,1,001-LEC (1403),002-SEM (1825),007-SEM (1443),0
21,4,10,4,001-SEM (1075),001-SEM (1404),001-LEC (1389),1
22,4,8,3,002-SEM (1472),001-SEM (1341),001-SEM (1098),1
23,4,10,1,002-SEM (1095),003-SEM (1439),001-SEM (1067),0
24,4,8,5,001-SEM (1121),004-SEM (1056),NA,1
25,4,10,1,001-LEC (1303),002-SEM (1526),001-SEM (1116),1
26,4,8,1,018-SEM (1188),002-SEM (1123),NA,1
27,4,10,3,020-SEM (1456),007-SEM (1511),001-LEC (1324),0
28,4,10,4,008-SEM (1512),014-SEM (1450),006-SEM (1090),1
29,4,10,5,005-SEM (1489),001-LEC (1337),002-SEM (1311),1
30,4,8,1,001-LEC (1403),024-SEM (1194),NA,1
31,4,10,3,001-SEM (1391),021-SEM (1191),002-SEM (1526),1
32,4,10,1,001-LEC (1403),018-SEM (1454),016-SEM (1186),1
33,4,10,1,001-SEM (1113),001-SEM (1482),001-SEM (1504),0
34,4,10,3,001-SEM (1556),008-SEM (1492),005-LEC (1368),1
35,4,10,4,016-SEM (1186),011-SEM (1447),016-SEM (1452),1
36,4,8,4,013-SEM (1449),001-SEM (1382),001-SEM (1934),1
37,4,8,5,001-SEM (1111),001-SEM (1083),NA,1
38,4,8,5,001-SEM (1409),001-LEC (1029),NA,0
39,4,8,3,001-SEM (1480),001-SEM (1559),003-SEM (1507),1
40,4,8,5,001-LEC (1066),001-SEM (1482),003-SEM (1377),1
41,4,8,2,001-SEM (1116),001-SEM (1099),NA,1
42,4,8,2,001-SEM (1080),001-SEM (1404),NA,1
43,4,8,3,003-LEC (1354),001-SEM (1108),NA,1
44,4,8,1,002-SEM (1474),001-LEC (1398),001-SEM (1413),1
45,4,8,1,001-LEC (1370),001-SEM (1078),NA,0
46,4,10,4,002-SEM (1827),002-SEM (1095),001-SEM (1559),1
47,4,8,3,001-SEM (1525),001-SEM (1124),007-SEM (1511),1
48,4,8,3,012-SEM (1448),003-LEC (1328),020-SEM (1456),1
49,4,8,2,001-SEM (1096),001-SEM (1501),001-SEM (1359),1
50,4,10,3,016-SEM (1186),005-SEM (1489),003-SEM (1527),0
51,4,10,3,001-SEM (1076),001-SEM (1078),001-SEM (1384),0
52,4,8,5,001-SEM (1501),014-SEM (1450),001-SEM (1054),1
53,4,8,2,021-SEM (1191),004-SEM (1488),001-LEC (1324),1
54,4,10,4,005-SEM (1441),002-SEM (1060),001-SEM (1076),1
55,4,10,1,002-SEM (1318),001-SEM (1327),001-LEC (1337),0
56,4,10,5,001-SEM (1101),002-SEM (1405),001-SEM (1084),1
57,4,10,5,001-SEM (1394),001-SEM (1343),001-SEM (1350),0
58,4,10,2,001-SEM (1326),001-SEM (1106),006-SEM (1490),1
59,4,8,3,001-SEM (1118),001-LEC (1568),NA,1
60,4,10,2,002-SEM (1414),001-SEM (1098),001-LEC (1374),0
61,4,8,4,002-SEM (1129),005-SEM (1199),NA,1
62,4,10,4,001-LEC (1398),004-SEM (1488),005-LEC (1307),1
63,4,10,4,001-SEM (1122),001-SEM (1505),001-SEM (1084),1
64,4,8,1,001-SEM (1376),001-SEM (1361),NA,1
65,4,10,2,002-SEM (1414),001-SEM (1081),002-SEM (1393),0
66,4,8,2,001-SEM (1504),001-SEM (1063),013-SEM (1449),1
67,4,10,5,001-SEM (1082),005-SEM (1059),003-SEM (1487),1
68,4,8,1,001-SEM (1113),001-LEC (1403),NA,0
69,4,10,2,002-SEM (1484),001-SEM (1505),003-SEM (1439),1
70,4,10,3,001-LEC (1029),001-LEC (1374),001-SEM (1394),1
71,4,10,5,001-SEM (1392),001-SEM (1395),001-SEM (1051),1
72,4,8,1,001-SEM (1381),001-LEC (1029),NA,1
73,4,8,2,001-SEM (1391),003-LEC (1385),NA,1
74,4,8,4,005-SEM (1441),018-SEM (1454),025-SEM (1461),1
75,4,10,1,003-LEC (1328),001-SEM (1091),018-SEM (1454),1
76,4,8,2,001-LEC (1568),004-SEM (1056),NA,1
77,4,10,4,014-SEM (1184),002-SEM (1129),021-SEM (1457),1
78,4,10,2,005-LEC (1368),025-SEM (1461),001-SEM (1409),1
79,4,8,2,001-SEM (1479),002-SEM (1093),003-LEC (1385),1
80,4,10,4,001-SEM (1128),001-SEM (1112),019-SEM (1189),1
81,4,8,2,001-SEM (1075),001-LEC (1029),NA,1
82,4,10,5,001-SEM (1556),002-SEM (1093),002-SEM (1557),1
83,4,10,3,006-SEM (1442),001-SEM (1122),008-SEM (1492),1
84,4,10,1,007-SEM (1443),001-SEM (1934),016-SEM (1452),1
85,4,10,5,001-SEM (1075),002-SEM (1827),001-SEM (1504),0
86,4,8,4,001-SEM (1504),002-SEM (1476),001-SEM (1099),1
87,4,10,2,021-SEM (1457),002-SEM (1484),002-SEM (1506),1
88,4,8,2,013-SEM (1449),006-SEM (1490),002-SEM (1093),1
89,4,10,5,001-LEC (1374),001-SEM (1078),007-SEM (1443),0
90,4,10,1,019-SEM (1189),001-LEC (1373),001-LEC (1348),1
91,4,10,3,001-SEM (1113),004-SEM (1508),026-SEM (1462),0
92,4,10,5,001-LEC (1303),001-SEM (1350),004-LEC (1305),1
93,4,8,4,001-SEM (1367),004-SEM (1936),002-SEM (1318),1
94,4,8,1,001-SEM (1081),019-SEM (1189),NA,1
95,4,8,5,001-LEC (1568),025-SEM (1461),020-SEM (1190),0
96,4,10,5,002-SEM (1825),006-SEM (1090),004-LEC (1387),1
97,4,8,4,019-SEM (1189),004-SEM (1508),024-SEM (1194),1
98,4,10,3,001-LEC (1348),001-SEM (1326),001-SEM (1082),0
99,4,8,4,001-LEC (1126),001-SEM (1479),001-LEC (1302),0
100,4,10,4,001-SEM (1055),002-SEM (1825),009-SEM (1445),1
101,4,8,2,002-SEM (1318),002-SEM (1095),NA,1
102,4,10,2,001-SEM (1081),001-SEM (1118),001-LEC (1403),1
103,4,10,5,001-LEC (1066),004-SEM (1488),001-SEM (1118),1
104,4,8,1,001-SEM (1105),001-SEM (1063),NA,1
105,4,10,1,002-SEM (1092),001-SEM (1359),001-LEC (1126),1
106,4,8,3,018-SEM (1454),001-SEM (1076),001-SEM (1501),1
107,4,8,5,001-SEM (1934),001-SEM (1128),001-SEM (1334),1
108,4,8,1,002-SEM (1060),001-SEM (1078),NA,1
109,4,8,1,008-SEM (1444),003-LEC (1385),001-SEM (1052),1
110,4,10,5,001-SEM (1063),002-SEM (1393),006-SEM (1442),0
111,4,8,3,001-LEC (1403),001-SEM (1535),015-SEM (1185),0
112,4,8,4,020-SEM (1190),002-SEM (1414),001-LEC (1064),1
113,4,8,2,001-SEM (1934),001-SEM (1121),002-SEM (1318),1
114,4,10,4,013-SEM (1183),020-SEM (1456),002-SEM (1060),1
115,4,10,1,024-SEM (1194),001-SEM (1392),001-SEM (1116),1
116,4,8,1,017-SEM (1453),001-SEM (1079),003-LEC (1354),1
117,4,10,4,004-SEM (1488),008-SEM (1202),001-SEM (1341),1
118,4,8,2,001-SEM (1401),001-SEM (1381),NA,1
119,4,10,1,006-SEM (1442),015-SEM (1451),001-SEM (1091),1
120,4,8,5,001-SEM (1524),001-SEM (1081),008-SEM (1512),1
121,4,8,5,001-LEC (1373),001-SEM (1065),NA,1
122,4,10,2,001-SEM (1115),002-SEM (1093),010-SEM (1446),1
123,4,8,2,001-SEM (1053),001-SEM (1361),NA,1
124,4,8,4,003-SEM (1507),003-LEC (1385),016-SEM (1452),1
125,4,8,5,001-SEM (1067),001-LEC (1349),NA,1
126,4,10,3,002-SEM (1129),001-SEM (1504),007-SEM (1491),1
127,4,8,3,003-SEM (1487),018-SEM (1454),001-LEC (1349),1
128,4,8,5,002-SEM (1484),001-SEM (1504),026-SEM (1462),1
129,4,8,3,008-SEM (1512),001-SEM (1083),003-SEM (1377),1
130,4,10,4,007-SEM (1201),003-SEM (1299),001-SEM (1080),1
131,4,10,4,001-SEM (1541),002-SEM (1092),001-SEM (1401),1
132,4,10,1,001-LEC (1303),020-SEM (1456),008-SEM (1202),1
133,4,10,2,001-SEM (1401),002-SEM (1129),003-SEM (1527),0
134,4,10,2,001-SEM (1404),004-SEM (1488),001-SEM (1081),1
135,4,10,2,001-SEM (1395),001-SEM (1382),023-SEM (1459),1
136,4,8,3,001-SEM (1122),001-SEM (1390),NA,1
137,4,10,2,001-SEM (1097),001-SEM (1410),008-SEM (1444),1
138,4,8,4,002-SEM (1827),003-SEM (1377),003-LEC (1385),1
139,4,10,5,001-SEM (1343),002-SEM (1405),001-LEC (1349),1
140,4,8,3,001-SEM (1361),012-SEM (1448),001-SEM (1391),1
141,4,8,2,025-SEM (1461),008-SEM (1444),019-SEM (1189),1
142,4,10,4,001-SEM (1084),001-SEM (1531),001-SEM (1404),1
143,4,8,5,001-SEM (1376),003-LEC (1385),NA,0
144,4,8,3,002-SEM (1129),001-SEM (1088),NA,1
145,4,8,4,001-SEM (1480),001-SEM (1525),006-LEC (1396),1
146,4,10,3,002-SEM (1557),001-SEM (1401),026-SEM (1462),1
147,4,8,2,001-SEM (1115),002-SEM (1365),NA,1
148,4,10,2,007-SEM (1443),001-LEC (1320),001-SEM (1395),1
149,4,10,3,001-SEM (1327),013-SEM (1449),001-SEM (1359),1
150,4,10,1,002-SEM (1365),001-SEM (1410),001-LEC (1126),1
151,4,8,3,001-SEM (1065),001-LEC (1568),NA,1
152,4,10,4,001-SEM (1065),001-SEM (1525),001-LEC (1337),1
153,4,8,4,003-LEC (1385),008-SEM (1492),002-SEM (1318),1
154,4,8,1,001-SEM (1326),001-SEM (1525),001-LEC (1403),1
155,4,8,3,001-SEM (1367),023-SEM (1459),001-SEM (1341),1
156,4,8,2,001-SEM (1413),002-SEM (1129),001-SEM (1048),1
157,4,10,2,001-SEM (1108),001-SEM (1413),017-SEM (1453),1
158,4,8,2,001-SEM (1381),001-SEM (1114),NA,1
159,4,8,2,006-SEM (1198),001-SEM (1537),NA,1
160,4,10,5,003-SEM (1507),006-SEM (1442),001-SEM (1101),1
161,4,8,3,001-SEM (1109),001-SEM (1052),NA,1
162,4,8,1,002-SEM (1332),007-SEM (1201),NA,1
163,4,8,5,001-SEM (1065),001-SEM (1083),NA,1
164,4,8,1,025-SEM (1461),001-SEM (1076),001-SEM (1407),1
165,4,8,4,003-SEM (1527),015-SEM (1451),001-SEM (1106),1
166,4,10,4,001-SEM (1055),001-SEM (1559),001-LEC (1066),0
167,4,8,3,001-LEC (1349),021-SEM (1191),NA,1
168,4,10,1,005-SEM (1059),006-SEM (1490),003-SEM (1377),1
169,4,10,1,005-LEC (1307),001-SEM (1076),001-LEC (1061),1
170,4,10,4,001-SEM (1065),001-SEM (1110),001-SEM (1327),1
171,4,8,4,015-SEM (1185),001-SEM (1096),NA,1
172,4,8,2,001-LEC (1312),017-SEM (1453),001-SEM (1535),1
173,4,8,1,001-SEM (1096),001-SEM (1116),NA,1
174,4,8,2,001-LEC (1064),001-SEM (1390),NA,1
175,4,10,5,019-SEM (1455),001-SEM (1346),020-SEM (1456),1
176,4,8,4,001-LEC (1126),002-SEM (1484),001-LEC (1320),1
177,4,10,3,001-SEM (1065),004-SEM (1056),001-LEC (1302),1
178,4,10,5,009-SEM (1445),002-SEM (1092),006-SEM (1442),0
179,4,8,3,001-SEM (1067),003-LEC (1385),NA,1
180,4,8,3,001-SEM (1055),002-SEM (1474),004-SEM (1508),1
181,4,8,3,007-SEM (1443),004-SEM (1488),002-SEM (1476),1
182,4,10,1,002-SEM (1318),002-SEM (1086),014-SEM (1450),1
183,4,8,1,001-SEM (1063),001-SEM (1342),NA,0
184,4,10,3,003-SEM (1439),003-LEC (1354),020-SEM (1456),1
185,4,10,4,009-SEM (1445),001-SEM (1358),005-SEM (1199),1
186,4,10,1,004-SEM (1936),001-LEC (1126),007-SEM (1491),1
187,4,8,5,001-SEM (1537),002-SEM (1526),003-LEC (1354),1
188,4,8,5,010-SEM (1446),001-SEM (1524),001-LEC (1324),1
189,4,10,4,008-SEM (1492),001-SEM (1359),002-SEM (1129),1
190,4,10,1,023-SEM (1459),001-SEM (1114),002-SEM (1526),1
191,4,8,4,001-SEM (1112),002-SEM (1474),001-LEC (1348),1
192,4,8,4,007-SEM (1201),002-SEM (1092),NA,0
193,4,10,4,001-SEM (1099),001-SEM (1098),013-SEM (1449),0
194,4,10,3,002-SEM (1414),001-LEC (1403),001-LEC (1303),1
195,4,8,1,002-SEM (1129),001-SEM (1556),010-SEM (1446),1
196,4,10,1,009-SEM (1445),001-SEM (1096),001-SEM (1537),1
197,4,10,3,005-LEC (1368),001-SEM (1482),001-SEM (1067),1
198,4,10,1,001-SEM (1367),002-SEM (1311),001-SEM (1504),1
199,4,8,1,001-SEM (1559),001-SEM (1537),NA,1
200,4,10,5,024-SEM (1194),003-SEM (1487),001-LEC (1324),0
201,4,8,5,001-SEM (1556),001-SEM (1104),001-SEM (1105),1
202,4,8,5,002-SEM (1087),001-SEM (1052),NA,1
203,4,10,2,002-SEM (1365),008-SEM (1444),001-SEM (1382),1
204,4,8,5,001-SEM (1099),004-SEM (1508),001-SEM (1113),1
205,4,8,3,002-SEM (1414),001-SEM (1116),006-SEM (1442),1
206,4,10,2,001-SEM (1125),001-SEM (1409),001-SEM (1081),1
207,4,10,3,001-SEM (1114),001-SEM (1097),023-SEM (1459),1
208,4,8,4,001-SEM (1075),002-SEM (1332),NA,1
209,4,8,1,001-SEM (1524),001-SEM (1413),001-SEM (1381),1
210,4,8,5,002-SEM (1311),004-SEM (1440),001-LEC (1302),0
211,4,10,3,012-SEM (1448),001-SEM (1122),007-SEM (1443),0
212,4,8,2,002-SEM (1311),003-SEM (1507),001-SEM (1065),1
213,4,8,2,001-SEM (1376),001-LEC (1303),NA,1
214,4,8,5,001-SEM (1055),006-SEM (1090),NA,1
215,4,8,1,001-SEM (1395),002-SEM (1311),NA,1
216,4,10,3,006-SEM (1090),016-SEM (1452),001-SEM (1524),1
217,4,10,4,001-SEM (1525),017-SEM (1453),001-SEM (1359),0
218,4,8,2,014-SEM (1450),001-SEM (1358),001-SEM (1341),1
219,4,10,2,002-SEM (1060),008-SEM (1512),002-SEM (1476),0
220,4,10,2,001-SEM (1125),007-SEM (1511),002-SEM (1129),1
221,4,8,2,017-SEM (1453),001-LEC (1373),001-SEM (1097),0
222,4,10,5,001-SEM (1390),004-SEM (1488),013-SEM (1449),0
223,4,8,4,014-SEM (1450),001-SEM (1114),001-SEM (1479),0
224,4,10,5,002-SEM (1311),020-SEM (1456),007-SEM (1511),0
225,4,10,5,003-LEC (1385),001-SEM (1346),001-SEM (1084),0
226,4,8,1,001-SEM (1395),001-SEM (1358),NA,1
227,4,8,2,005-SEM (1059),001-SEM (1082),NA,1
228,4,10,2,001-SEM (1084),002-SEM (1087),001-SEM (1341),1
229,4,10,4,023-SEM (1459),001-SEM (1048),001-SEM (1114),1
230,4,10,5,007-SEM (1511),003-SEM (1377),003-SEM (1299),1
231,4,8,2,001-LEC (1029),006-SEM (1442),002-SEM (1086),0
232,4,10,5,002-SEM (1095),019-SEM (1189),001-SEM (1541),1
233,4,8,3,007-SEM (1443),008-SEM (1202),006-SEM (1198),1
234,4,10,1,001-SEM (1407),001-SEM (1479),008-SEM (1492),0
235,4,10,4,001-SEM (1485),002-SEM (1060),001-LEC (1068),1
236,4,10,4,001-SEM (1079),001-SEM (1118),008-SEM (1512),1
237,4,8,2,001-SEM (1341),007-SEM (1443),001-SEM (1055),0
238,4,10,3,002-SEM (1506),018-SEM (1188),004-LEC (1387),1
239,4,10,1,002-SEM (1332),002-SEM (1526),001-SEM (1079),1
240,4,10,4,001-SEM (1097),001-SEM (1342),005-SEM (1489),1
241,4,8,2,001-SEM (1391),001-SEM (1114),NA,1
242,4,8,4,023-SEM (1459),016-SEM (1452),001-SEM (1128),1
243,4,10,3,001-LEC (1303),022-SEM (1192),015-SEM (1451),1
244,4,10,4,025-SEM (1461),006-SEM (1490),003-LEC (1385),1
245,4,10,2,003-SEM (1377),003-SEM (1507),001-LEC (1348),0
246,4,10,3,001-SEM (1118),007-SEM (1511),019-SEM (1455),1
247,4,10,2,017-SEM (1453),002-SEM (1393),001-SEM (1350),1
248,4,10,5,008-SEM (1202),001-SEM (1384),001-SEM (1109),0
249,4,10,1,001-LEC (1349),002-LEC (1352),016-SEM (1186),1
250,4,8,3,001-SEM (1395),024-SEM (1194),NA,1
251,4,8,1,001-SEM (1410),001-SEM (1381),NA,1
252,4,8,3,001-SEM (1115),001-SEM (1482),003-SEM (1299),0
253,4,8,2,001-LEC (1302),011-SEM (1447),001-SEM (1106),1
254,4,10,4,001-SEM (1350),003-SEM (1299),001-SEM (1501),0
255,4,10,5,001-LEC (1337),003-SEM (1299),019-SEM (1189),0
256,4,8,2,001-SEM (1084),002-SEM (1557),001-LEC (1068),1
257,4,10,2,001-SEM (1327),023-SEM (1193),001-SEM (1537),1
258,4,8,1,001-SEM (1382),021-SEM (1457),001-SEM (1394),0
259,4,8,1,001-SEM (1358),015-SEM (1451),002-SEM (1414),1
260,4,8,5,001-SEM (1381),002-SEM (1474),001-SEM (1361),0
261,4,8,4,007-SEM (1491),001-SEM (1128),002-SEM (1825),1
262,4,8,4,001-SEM (1088),002-SEM (1365),NA,1
263,4,8,5,015-SEM (1451),001-LEC (1374),004-LEC (1387),1
264,4,10,2,023-SEM (1193),002-SEM (1095),001-SEM (1076),0
265,4,10,5,001-LEC (1064),008-SEM (1444),001-SEM (1391),1
266,4,8,5,001-SEM (1053),001-SEM (1076),NA,1
267,4,10,4,001-SEM (1413),005-SEM (1059),001-LEC (1061),0
268,4,10,5,001-SEM (1053),001-SEM (1122),002-SEM (1526),1
269,4,10,5,001-SEM (1345),002-SEM (1470),001-SEM (1381),1
270,4,8,5,007-SEM (1201),001-LEC (1403),NA,1
271,4,10,4,001-SEM (1116),001-SEM (1121),001-SEM (1054),0
272,4,10,5,001-SEM (1051),002-SEM (1393),008-SEM (1512),1
273,4,10,1,002-SEM (1474),001-SEM (1326),007-SEM (1491),1
274,4,8,3,006-SEM (1198),001-SEM (1395),NA,1
275,4,10,4,005-LEC (1368),001-SEM (1326),017-SEM (1453),1
276,4,8,2,005-LEC (1368),001-SEM (1485),001-SEM (1409),1
277,4,10,4,001-SEM (1119),001-SEM (1053),015-SEM (1185),1
278,4,8,5,001-SEM (1359),015-SEM (1185),NA,1
279,4,8,1,016-SEM (1186),002-SEM (1093),NA,1
280,4,10,1,001-SEM (1116),001-SEM (1067),001-SEM (1361),1
281,4,10,3,001-SEM (1346),001-SEM (1065),001-SEM (1382),0
282,4,10,1,013-SEM (1449),001-SEM (1082),001-SEM (1384),0
283,4,10,1,014-SEM (1450),001-SEM (1067),018-SEM (1188),1
284,4,10,1,022-SEM (1192),021-SEM (1457),001-SEM (1535),1
285,4,8,1,001-SEM (1367),023-SEM (1459),001-SEM (1111),1
286,4,8,2,001-SEM (1410),003-SEM (1487),001-LEC (1349),1
287,4,8,2,014-SEM (1450),001-LEC (1320),020-SEM (1456),1
288,4,8,4,002-SEM (1393),001-LEC (1370),NA,1
289,4,8,5,001-LEC (1126),007-SEM (1443),002-SEM (1414),1
290,4,8,1,002-SEM (1365),002-SEM (1506),005-LEC (1368),0
291,4,8,4,001-SEM (1343),001-LEC (1348),NA,1
292,4,10,3,014-SEM (1450),001-LEC (1302),002-SEM (1318),1
293,4,8,2,001-SEM (1407),001-SEM (1115),NA,1
294,4,8,5,002-SEM (1486),002-SEM (1365),001-SEM (1128),1
295,4,8,2,002-SEM (1827),002-SEM (1332),002-SEM (1123),0
296,4,8,5,012-SEM (1448),002-SEM (1526),002-SEM (1129),1
297,4,10,1,002-SEM (1474),001-SEM (1480),001-SEM (1343),1
298,4,10,1,005-LEC (1307),002-SEM (1318),001-SEM (1125),1
299,4,10,3,001-SEM (1118),001-SEM (1097),007-SEM (1491),1
300,4,8,5,006-SEM (1198),001-LEC (1064),NA,1
301,3,8,4,001-SEM (1359),002-SEM (1095),NA,0
302,3,8,4,001-SEM (1091),013-SEM (1183),NA,1
303,3,10,2,002-SEM (1092),001-SEM (1535),001-SEM (1096),0
304,3,10,1,002-SEM (1474),014-SEM (1450),003-LEC (1354),1
305,3,8,5,001-SEM (1341),001-LEC (1312),NA,1
306,3,8,4,004-SEM (1936),003-LEC (1385),003-SEM (1507),1
307,3,10,1,001-SEM (1104),002-SEM (1484),005-SEM (1441),1
308,3,8,4,001-SEM (1124),021-SEM (1191),NA,1
309,3,10,3,001-SEM (1482),018-SEM (1454),021-SEM (1457),0
310,3,8,1,001-SEM (1479),001-LEC (1312),008-SEM (1202),1
311,3,8,4,001-LEC (1398),014-SEM (1184),NA,1
312,3,8,3,001-LEC (1320),002-SEM (1365),NA,1
313,3,8,3,001-SEM (1382),006-SEM (1490),014-SEM (1450),1
314,3,8,4,001-SEM (1525),002-SEM (1365),001-LEC (1403),1
315,3,8,5,001-SEM (1541),024-SEM (1194),NA,1
316,3,10,5,001-SEM (1101),001-SEM (1343),001-LEC (1066),1
317,3,8,4,021-SEM (1457),002-SEM (1472),001-SEM (1080),1
318,3,8,1,002-SEM (1506),001-LEC (1126),001-LEC (1349),1
319,3,8,3,001-SEM (1934),001-SEM (1367),004-SEM (1440),1
320,3,10,1,001-SEM (1115),001-SEM (1081),001-SEM (1556),1
321,3,8,4,001-SEM (1359),005-SEM (1059),NA,1
322,3,10,2,006-SEM (1198),004-LEC (1305),001-SEM (1084),1
323,3,8,5,004-SEM (1508),002-SEM (1472),001-SEM (1504),0
324,3,8,1,001-SEM (1384),010-SEM (1446),022-SEM (1458),1
325,3,10,2,003-LEC (1385),002-LEC (1352),007-SEM (1443),1
326,3,10,4,024-SEM (1460),001-SEM (1381),001-SEM (1341),1
327,3,10,2,001-SEM (1128),016-SEM (1186),001-SEM (1505),1
328,3,8,3,001-LEC (1370),002-SEM (1087),NA,0
329,3,10,1,001-SEM (1116),006-LEC (1396),001-SEM (1392),1
330,3,10,1,001-SEM (1081),003-LEC (1385),001-SEM (1075),0
331,3,8,4,023-SEM (1459),001-SEM (1359),001-SEM (1358),1
332,3,10,1,001-SEM (1115),001-SEM (1327),016-SEM (1186),0
333,3,10,4,023-SEM (1193),001-LEC (1348),001-SEM (1390),1
334,3,8,5,002-SEM (1476),001-SEM (1119),007-SEM (1491),1
335,3,10,1,001-SEM (1406),001-SEM (1504),001-SEM (1078),1
336,3,10,2,007-SEM (1201),001-SEM (1559),001-SEM (1521),0
337,3,8,3,002-SEM (1470),001-SEM (1541),004-LEC (1305),1
338,3,10,1,001-SEM (1556),001-SEM (1367),004-LEC (1305),1
339,3,8,4,002-SEM (1486),002-SEM (1332),002-SEM (1825),1
340,3,10,1,001-SEM (1052),002-SEM (1093),001-SEM (1404),1
341,3,10,4,001-SEM (1409),001-SEM (1079),001-SEM (1345),1
342,3,10,2,001-SEM (1118),004-SEM (1056),002-SEM (1332),1
343,3,10,1,026-SEM (1462),001-LEC (1337),001-SEM (1361),0
344,3,8,5,001-LEC (1349),001-SEM (1392),NA,1
345,3,8,3,001-SEM (1110),002-SEM (1557),001-SEM (1358),1
346,3,8,1,015-SEM (1185),006-LEC (1396),NA,0
347,3,8,1,001-SEM (1480),001-SEM (1091),001-SEM (1084),1
348,3,10,5,001-SEM (1382),001-LEC (1398),001-SEM (1121),0
349,3,8,1,001-SEM (1391),001-SEM (1505),001-SEM (1409),1
350,3,10,3,001-LEC (1337),002-SEM (1474),001-SEM (1934),1
351,3,10,4,003-LEC (1328),001-SEM (1098),002-SEM (1092),1
352,3,10,3,004-SEM (1440),021-SEM (1191),001-SEM (1358),1
353,3,10,4,024-SEM (1460),002-SEM (1060),001-SEM (1524),1
354,3,8,4,003-LEC (1328),014-SEM (1184),NA,1
355,3,10,3,001-SEM (1407),006-SEM (1198),001-SEM (1535),1
356,3,10,1,001-SEM (1934),023-SEM (1193),016-SEM (1186),1
357,3,10,4,001-LEC (1061),001-LEC (1303),001-SEM (1384),1
358,3,10,1,001-SEM (1390),003-LEC (1354),001-SEM (1327),1
359,3,10,3,001-LEC (1029),020-SEM (1456),007-SEM (1511),1
360,3,8,3,001-SEM (1359),001-SEM (1118),NA,1
361,3,10,2,001-SEM (1079),001-LEC (1403),001-SEM (1122),1
362,3,10,1,024-SEM (1194),002-SEM (1318),002-SEM (1486),1
363,3,8,4,002-SEM (1827),003-SEM (1487),001-LEC (1068),1
364,3,8,2,018-SEM (1454),001-SEM (1118),001-LEC (1389),1
365,3,10,4,001-LEC (1064),002-SEM (1476),001-SEM (1067),1
366,3,10,4,001-LEC (1374),018-SEM (1188),023-SEM (1193),1
367,3,10,2,007-SEM (1491),001-SEM (1115),001-LEC (1068),1
368,3,10,5,008-SEM (1444),001-LEC (1066),001-LEC (1312),1
369,3,8,1,004-LEC (1305),001-SEM (1350),NA,1
370,3,8,2,001-LEC (1064),001-SEM (1112),NA,1
371,3,10,4,002-SEM (1365),016-SEM (1452),001-SEM (1076),1
372,3,8,4,001-SEM (1346),001-SEM (1342),NA,1
373,3,8,1,001-SEM (1358),021-SEM (1191),NA,1
374,3,10,4,020-SEM (1190),001-SEM (1407),002-SEM (1092),1
375,3,8,3,004-SEM (1056),001-SEM (1080),NA,1
376,3,10,3,002-SEM (1311),018-SEM (1454),005-SEM (1489),1
377,3,10,3,002-SEM (1365),001-SEM (1409),002-SEM (1393),1
378,3,10,5,024-SEM (1460),001-SEM (1343),006-SEM (1090),1
379,3,8,5,001-SEM (1479),001-LEC (1568),005-SEM (1441),1
380,3,10,2,007-SEM (1443),003-SEM (1527),001-SEM (1350),1
381,3,8,4,004-SEM (1508),016-SEM (1452),001-SEM (1501),1
382,3,8,4,001-SEM (1076),002-SEM (1414),002-SEM (1129),1
383,3,8,4,001-SEM (1083),001-SEM (1401),NA,1
384,3,8,5,011-SEM (1447),001-SEM (1110),001-SEM (1122),0
385,3,10,4,001-SEM (1559),001-SEM (1104),014-SEM (1450),1
386,3,8,4,025-SEM (1461),002-SEM (1074),001-LEC (1403),0
387,3,8,4,001-SEM (1088),001-LEC (1398),NA,1
388,3,8,3,001-SEM (1055),008-SEM (1492),025-SEM (1461),1
389,3,10,1,001-SEM (1390),001-SEM (1541),001-SEM (1359),1
390,3,8,5,003-SEM (1377),004-SEM (1488),002-SEM (1093),0
391,3,8,4,001-LEC (1303),015-SEM (1185),NA,0
392,3,8,5,001-LEC (1373),001-SEM (1085),NA,1
393,3,8,4,006-SEM (1510),001-SEM (1118),002-SEM (1472),1
394,3,8,1,001-SEM (1076),001-LEC (1373),NA,1
395,3,10,5,001-SEM (1521),005-LEC (1307),001-SEM (1406),1
396,3,10,1,001-SEM (1113),001-SEM (1350),002-SEM (1827),0
397,3,10,1,001-LEC (1568),001-SEM (1079),022-SEM (1458),1
398,3,10,5,001-SEM (1505),013-SEM (1183),001-SEM (1376),1
399,3,10,2,001-SEM (1359),001-SEM (1358),003-LEC (1328),1
400,3,10,4,001-SEM (1113),024-SEM (1460),002-SEM (1318),1
401,3,8,3,001-SEM (1115),001-SEM (1104),NA,1
402,3,10,4,001-LEC (1302),021-SEM (1457),003-SEM (1377),1
403,3,8,5,005-SEM (1059),001-SEM (1096),NA,1
404,3,10,3,002-SEM (1472),002-SEM (1092),005-LEC (1368),1
405,3,10,5,001-LEC (1403),001-SEM (1053),004-LEC (1305),1
406,3,8,2,002-SEM (1060),001-SEM (1128),NA,1
407,3,10,2,001-SEM (1096),001-LEC (1303),002-SEM (1074),1
408,3,8,1,001-SEM (1101),023-SEM (1459),014-SEM (1450),1
409,3,10,5,001-SEM (1406),004-SEM (1508),001-SEM (1390),1
410,3,10,2,026-SEM (1462),002-SEM (1506),012-SEM (1448),1
411,3,8,4,001-SEM (1063),001-SEM (1345),NA,1
412,3,10,4,001-LEC (1398),016-SEM (1452),022-SEM (1192),1
413,3,8,4,025-SEM (1461),001-SEM (1054),021-SEM (1457),1
414,3,10,5,012-SEM (1448),001-SEM (1091),001-SEM (1367),1
415,3,10,3,001-SEM (1106),014-SEM (1184),001-SEM (1382),1
416,3,8,2,001-SEM (1395),020-SEM (1190),NA,1
417,3,8,5,001-SEM (1048),001-SEM (1934),001-SEM (1076),1
418,3,8,5,002-SEM (1484),001-LEC (1403),001-SEM (1079),0
419,3,8,5,001-LEC (1303),006-LEC (1396),NA,0
420,3,8,5,001-SEM (1531),002-SEM (1474),001-SEM (1346),0
421,3,10,4,014-SEM (1450),001-LEC (1066),001-SEM (1406),1
422,3,10,1,001-LEC (1349),002-SEM (1474),001-SEM (1381),1
423,3,8,3,001-SEM (1505),025-SEM (1461),002-SEM (1414),1
424,3,8,1,001-LEC (1373),016-SEM (1186),NA,1
425,3,10,3,021-SEM (1457),001-SEM (1361),018-SEM (1454),0
426,3,10,1,006-SEM (1090),002-SEM (1484),011-SEM (1447),0
427,3,8,3,001-SEM (1409),020-SEM (1456),003-LEC (1328),1
428,3,10,5,013-SEM (1183),001-SEM (1109),002-SEM (1332),1
429,3,10,2,001-LEC (1349),001-LEC (1348),001-SEM (1055),0
430,3,10,3,001-LEC (1302),001-SEM (1083),003-LEC (1354),1
431,3,8,4,001-SEM (1088),006-SEM (1442),001-SEM (1480),0
432,3,10,5,001-SEM (1076),005-LEC (1368),004-SEM (1440),0
433,3,10,3,011-SEM (1447),001-SEM (1361),001-SEM (1341),1
434,3,10,3,001-SEM (1119),002-SEM (1393),005-SEM (1059),1
435,3,10,1,001-SEM (1381),003-LEC (1354),001-SEM (1128),1
436,3,8,3,021-SEM (1191),001-SEM (1118),NA,1
437,3,10,5,001-SEM (1050),021-SEM (1457),001-SEM (1501),1
438,3,10,4,020-SEM (1456),001-SEM (1342),001-SEM (1128),1
439,3,10,3,001-SEM (1113),003-SEM (1377),001-LEC (1061),1
440,3,10,2,001-SEM (1521),002-SEM (1827),001-SEM (1409),1
441,3,10,2,001-SEM (1097),004-LEC (1305),015-SEM (1185),1
442,3,10,2,001-SEM (1381),008-SEM (1512),001-SEM (1053),1
443,3,8,2,001-SEM (1108),010-SEM (1446),001-LEC (1403),0
444,3,10,4,002-SEM (1557),006-SEM (1510),001-SEM (1098),1
445,3,10,4,008-SEM (1202),001-LEC (1068),002-SEM (1827),0
446,3,8,1,001-SEM (1099),001-SEM (1083),NA,0
447,3,10,1,001-SEM (1053),014-SEM (1184),005-SEM (1509),1
448,3,8,2,005-SEM (1199),002-SEM (1318),NA,1
449,3,8,5,004-SEM (1936),001-SEM (1394),001-LEC (1302),1
450,3,8,4,001-SEM (1122),001-SEM (1110),NA,0
451,3,8,2,016-SEM (1452),001-SEM (1075),001-SEM (1122),1
452,3,8,4,001-LEC (1374),001-SEM (1085),NA,0
453,3,10,1,001-LEC (1403),001-SEM (1541),004-SEM (1508),0
454,3,10,3,011-SEM (1447),001-SEM (1505),001-SEM (1079),1
455,3,10,2,020-SEM (1190),001-SEM (1525),002-SEM (1087),1
456,3,10,3,001-SEM (1341),001-SEM (1098),001-SEM (1395),1
457,3,10,3,001-LEC (1349),001-SEM (1409),001-SEM (1394),1
458,3,10,5,001-SEM (1505),001-LEC (1349),002-SEM (1092),1
459,3,10,5,011-SEM (1447),001-SEM (1326),002-SEM (1476),1
460,3,8,3,002-SEM (1129),007-SEM (1201),NA,1
461,3,10,1,001-SEM (1101),002-SEM (1476),001-SEM (1559),1
462,3,10,1,001-SEM (1101),001-SEM (1109),013-SEM (1183),1
463,3,10,2,002-SEM (1506),001-SEM (1099),002-SEM (1318),1
464,3,10,5,001-SEM (1521),001-SEM (1401),001-SEM (1105),1
465,3,8,2,023-SEM (1193),001-SEM (1501),001-SEM (1342),1
466,3,10,5,002-SEM (1476),001-SEM (1112),001-SEM (1125),0
467,3,10,2,002-SEM (1087),002-SEM (1476),022-SEM (1458),1
468,3,8,2,009-SEM (1445),001-SEM (1343),002-SEM (1472),1
469,3,10,1,002-SEM (1073),001-SEM (1482),003-LEC (1328),1
470,3,10,2,001-LEC (1337),001-SEM (1326),001-SEM (1559),0
471,3,8,3,001-SEM (1124),006-SEM (1490),001-SEM (1118),0
472,3,8,3,004-LEC (1387),005-SEM (1489),025-SEM (1461),1
473,3,10,1,002-SEM (1526),001-LEC (1374),001-SEM (1065),1
474,3,10,5,020-SEM (1190),004-LEC (1305),015-SEM (1185),1
475,3,8,5,014-SEM (1450),019-SEM (1189),018-SEM (1454),1
476,3,10,1,002-SEM (1087),015-SEM (1185),001-SEM (1063),1
477,3,10,4,001-SEM (1065),001-SEM (1097),013-SEM (1449),0
478,3,10,3,002-SEM (1087),002-SEM (1086),002-SEM (1129),1
479,3,10,1,024-SEM (1194),001-SEM (1343),005-SEM (1199),1
480,3,10,4,021-SEM (1457),001-SEM (1376),001-SEM (1535),0
481,3,10,4,001-SEM (1343),001-SEM (1482),005-LEC (1307),1
482,3,8,5,001-LEC (1064),001-SEM (1088),NA,1
483,3,8,5,001-LEC (1320),002-SEM (1474),002-SEM (1311),1
484,3,10,1,001-LEC (1398),001-SEM (1521),001-SEM (1559),1
485,3,8,3,001-LEC (1303),001-SEM (1934),004-LEC (1387),1
486,3,8,5,001-SEM (1406),003-SEM (1487),001-SEM (1067),1
487,3,8,3,001-SEM (1392),006-SEM (1442),001-SEM (1081),0
488,3,8,3,005-SEM (1059),001-SEM (1350),NA,0
489,3,10,1,001-LEC (1389),016-SEM (1452),024-SEM (1460),0
490,3,8,3,019-SEM (1455),004-LEC (1387),001-SEM (1394),1
491,3,10,3,001-SEM (1105),001-SEM (1521),001-SEM (1391),1
492,3,10,3,025-SEM (1461),001-SEM (1358),006-SEM (1510),0
493,3,8,4,001-SEM (1343),001-LEC (1403),NA,1
494,3,10,1,001-SEM (1085),006-LEC (1396),001-SEM (1345),1
495,3,10,1,001-SEM (1104),001-SEM (1482),005-SEM (1199),1
496,3,10,3,016-SEM (1452),002-SEM (1827),001-SEM (1067),0
497,3,10,5,001-SEM (1505),001-SEM (1382),002-SEM (1476),1
498,3,10,3,001-SEM (1401),005-LEC (1307),002-SEM (1484),1
499,3,8,4,001-SEM (1121),001-SEM (1097),NA,1
500,3,10,1,001-SEM (1104),001-SEM (1531),001-SEM (1085),1
501,3,8,2,004-LEC (1387),002-SEM (1476),022-SEM (1192),0
502,3,10,1,001-SEM (1345),001-SEM (1096),016-SEM (1186),1
503,3,8,4,001-SEM (1394),021-SEM (1191),NA,1
504,3,8,2,001-SEM (1111),005-SEM (1489),002-LEC (1352),1
505,3,8,3,001-SEM (1504),007-SEM (1443),001-SEM (1104),1
506,3,8,5,001-SEM (1078),005-SEM (1441),002-SEM (1474),1
507,3,8,1,001-SEM (1535),001-LEC (1068),002-SEM (1474),0
508,3,8,5,001-SEM (1407),001-SEM (1118),NA,0
509,3,10,1,016-SEM (1186),001-SEM (1359),015-SEM (1185),0
510,3,8,2,006-SEM (1198),001-SEM (1541),NA,1
511,3,10,3,001-SEM (1390),001-SEM (1524),002-SEM (1093),1
512,3,10,5,001-SEM (1394),001-SEM (1541),001-SEM (1535),0
513,3,8,3,001-SEM (1082),002-SEM (1093),NA,0
514,3,10,1,004-SEM (1056),001-LEC (1126),020-SEM (1190),1
515,3,10,4,001-LEC (1370),001-SEM (1063),001-SEM (1125),1
516,3,8,4,001-SEM (1079),001-SEM (1121),NA,1
517,3,10,2,015-SEM (1185),002-SEM (1476),002-SEM (1311),1
518,3,8,4,001-LEC (1348),017-SEM (1453),001-SEM (1101),0
519,3,8,3,001-SEM (1556),021-SEM (1457),025-SEM (1461),1
520,3,8,3,001-SEM (1521),001-SEM (1327),003-SEM (1377),1
521,3,10,1,014-SEM (1450),001-SEM (1341),001-SEM (1050),1
522,3,10,2,001-SEM (1556),007-SEM (1491),016-SEM (1452),1
523,3,10,4,001-LEC (1403),001-LEC (1568),001-SEM (1479),1
524,3,8,1,001-SEM (1106),001-SEM (1556),006-LEC (1396),1
525,3,10,5,001-SEM (1085),001-SEM (1359),001-SEM (1326),0
526,3,10,1,003-LEC (1328),019-SEM (1189),010-SEM (1446),1
527,3,10,1,007-SEM (1511),002-SEM (1123),001-SEM (1098),1
528,3,10,1,002-SEM (1825),001-SEM (1075),001-SEM (1101),1
529,3,8,2,002-SEM (1486),003-LEC (1328),001-SEM (1361),1
530,3,10,1,001-SEM (1054),015-SEM (1185),003-SEM (1527),1
531,3,10,2,001-SEM (1067),021-SEM (1457),002-SEM (1472),1
532,3,10,4,001-SEM (1084),001-SEM (1480),001-SEM (1116),0
533,3,10,3,001-SEM (1505),002-SEM (1087),001-SEM (1537),1
534,3,10,1,002-SEM (1311),001-SEM (1541),002-SEM (1087),1
535,3,8,5,006-LEC (1396),001-SEM (1097),NA,1
536,3,10,5,006-LEC (1396),002-SEM (1405),001-SEM (1482),0
537,3,8,5,001-SEM (1541),001-SEM (1537),NA,1
538,3,8,1,001-SEM (1081),004-LEC (1387),NA,1
539,3,10,3,016-SEM (1452),001-SEM (1096),001-SEM (1119),1
540,3,8,1,003-LEC (1354),002-SEM (1074),NA,1
541,3,10,3,001-SEM (1105),010-SEM (1446),001-SEM (1384),1
542,3,10,2,002-SEM (1484),001-SEM (1083),018-SEM (1454),0
543,3,8,5,001-SEM (1121),023-SEM (1459),018-SEM (1454),1
544,3,8,2,002-SEM (1393),001-SEM (1122),NA,1
545,3,8,4,001-SEM (1085),023-SEM (1193),NA,1
546,3,10,4,012-SEM (1448),002-SEM (1093),006-SEM (1090),1
547,3,8,3,001-SEM (1334),001-SEM (1391),NA,1
548,3,10,3,002-SEM (1470),021-SEM (1191),001-SEM (1404),1
549,3,8,4,001-SEM (1395),002-SEM (1486),002-SEM (1414),1
550,3,10,1,020-SEM (1456),001-SEM (1111),001-SEM (1359),1
551,3,8,1,001-SEM (1334),004-LEC (1387),NA,1
552,3,10,1,009-SEM (1445),001-LEC (1066),001-SEM (1390),0
553,3,10,4,001-SEM (1395),010-SEM (1446),005-SEM (1441),0
554,3,10,5,001-LEC (1374),001-SEM (1394),001-SEM (1525),1
555,3,8,1,018-SEM (1454),001-SEM (1076),001-SEM (1342),1
556,3,8,1,013-SEM (1449),001-SEM (1381),002-SEM (1074),0
557,3,10,5,001-SEM (1376),001-SEM (1537),001-SEM (1326),1
558,3,8,4,001-SEM (1084),001-SEM (1327),NA,1
559,3,10,1,001-SEM (1114),001-SEM (1394),007-SEM (1491),1
560,3,10,3,006-SEM (1442),001-SEM (1327),007-SEM (1201),0
561,3,10,1,002-SEM (1393),002-SEM (1060),003-SEM (1377),1
562,3,10,2,001-SEM (1115),001-LEC (1348),001-SEM (1485),1
563,3,8,4,002-SEM (1526),003-SEM (1487),001-SEM (1083),1
564,3,10,1,001-SEM (1505),001-SEM (1390),020-SEM (1456),0
565,3,10,2,005-SEM (1509),001-SEM (1346),004-SEM (1488),1
566,3,8,5,007-SEM (1201),007-SEM (1491),024-SEM (1194),1
567,3,8,3,001-SEM (1413),002-SEM (1092),003-SEM (1507),1
568,3,10,1,002-SEM (1526),024-SEM (1194),001-LEC (1389),1
569,3,8,5,003-SEM (1507),023-SEM (1193),010-SEM (1446),1
570,3,10,5,015-SEM (1185),003-SEM (1487),001-SEM (1410),0
571,3,8,3,001-SEM (1097),001-SEM (1115),NA,1
572,3,8,5,001-SEM (1124),001-SEM (1122),NA,0
573,3,10,4,015-SEM (1451),001-SEM (1109),002-SEM (1129),1
574,3,8,3,015-SEM (1451),001-LEC (1064),002-SEM (1073),0
575,3,10,3,007-SEM (1443),001-SEM (1382),005-SEM (1489),1
576,3,10,4,020-SEM (1190),001-SEM (1080),002-SEM (1073),0
577,3,10,1,001-LEC (1061),014-SEM (1450),006-SEM (1490),0
578,3,8,2,009-SEM (1445),008-SEM (1492),001-SEM (1479),1
579,3,8,1,001-SEM (1113),009-SEM (1445),001-SEM (1326),1
580,3,10,5,001-SEM (1085),002-SEM (1060),001-SEM (1504),1
581,3,10,1,006-LEC (1396),001-SEM (1395),001-SEM (1118),0
582,3,10,5,002-SEM (1827),001-SEM (1065),002-SEM (1092),1
583,3,8,2,002-SEM (1557),002-SEM (1318),002-SEM (1074),1
584,3,10,3,001-LEC (1126),015-SEM (1451),001-SEM (1119),1
585,3,8,5,001-SEM (1524),001-LEC (1568),001-SEM (1125),1
586,3,8,1,001-SEM (1394),001-SEM (1054),NA,1
587,3,8,4,020-SEM (1456),002-SEM (1476),005-SEM (1199),1
588,3,10,4,024-SEM (1460),001-SEM (1067),001-SEM (1110),1
589,3,8,3,001-SEM (1067),001-SEM (1524),002-SEM (1470),1
590,3,8,4,001-LEC (1068),003-LEC (1385),NA,1
591,3,10,2,008-SEM (1202),001-SEM (1345),001-LEC (1374),1
592,3,10,4,002-SEM (1095),002-SEM (1476),001-SEM (1054),0
593,3,8,3,013-SEM (1183),002-SEM (1073),NA,1
594,3,8,4,001-SEM (1085),001-SEM (1079),NA,1
595,3,8,5,024-SEM (1460),001-SEM (1406),001-SEM (1343),1
596,3,8,3,004-SEM (1056),013-SEM (1183),NA,1
597,3,10,4,001-SEM (1109),001-SEM (1934),001-SEM (1406),1
598,3,10,3,001-LEC (1389),001-SEM (1055),001-LEC (1373),0
599,3,8,5,002-LEC (1352),001-SEM (1401),NA,1
600,3,10,3,020-SEM (1456),026-SEM (1462),001-SEM (1079),0
601,3,10,2,003-SEM (1299),001-LEC (1374),001-SEM (1119),1
602,3,8,5,001-SEM (1395),001-SEM (1410),NA,1
603,3,10,4,001-SEM (1048),001-SEM (1505),003-LEC (1328),1
604,3,8,4,002-SEM (1414),004-SEM (1936),001-SEM (1410),1
605,3,8,3,020-SEM (1456),001-SEM (1361),001-SEM (1326),1
606,3,10,2,001-SEM (1078),001-SEM (1098),003-SEM (1487),0
607,3,8,5,001-SEM (1075),024-SEM (1194),NA,1
608,3,10,2,005-SEM (1489),001-LEC (1349),002-SEM (1123),1
609,3,8,5,001-SEM (1407),001-SEM (1367),NA,1
610,3,8,1,002-SEM (1060),001-SEM (1113),NA,1
611,3,8,3,001-SEM (1404),001-LEC (1373),NA,1
612,3,8,4,002-SEM (1086),002-SEM (1311),NA,1
613,3,10,1,001-SEM (1113),004-LEC (1387),001-SEM (1531),1
614,3,8,4,001-SEM (1081),001-SEM (1505),001-SEM (1115),1
615,3,10,5,001-SEM (1480),001-SEM (1392),001-SEM (1559),0
616,3,8,5,001-SEM (1111),002-SEM (1472),001-SEM (1108),0
617,3,8,4,001-SEM (1082),001-SEM (1404),NA,1
618,3,8,5,001-SEM (1537),001-SEM (1341),NA,1
619,3,10,1,002-SEM (1092),001-SEM (1327),005-SEM (1441),1
620,3,10,1,002-SEM (1060),020-SEM (1190),001-LEC (1398),1
621,3,8,3,001-SEM (1501),001-SEM (1345),001-LEC (1398),1
622,3,8,4,001-SEM (1065),013-SEM (1449),001-LEC (1370),1
623,3,10,4,001-SEM (1048),001-SEM (1085),001-LEC (1348),0
624,3,10,2,001-SEM (1350),001-SEM (1358),002-SEM (1484),1
625,3,10,3,001-SEM (1067),001-SEM (1350),001-SEM (1122),0
626,3,8,2,001-SEM (1524),001-SEM (1084),014-SEM (1450),0
627,3,10,5,001-SEM (1114),002-SEM (1486),023-SEM (1193),1
628,3,8,2,004-SEM (1508),002-SEM (1825),001-SEM (1114),1
629,3,10,1,006-SEM (1510),001-SEM (1382),001-SEM (1111),1
630,3,10,2,001-LEC (1064),002-SEM (1086),001-LEC (1068),1
631,3,8,3,002-SEM (1074),001-SEM (1934),001-SEM (1525),1
632,3,8,3,024-SEM (1460),006-SEM (1198),001-LEC (1126),0
633,3,10,4,001-SEM (1096),012-SEM (1448),014-SEM (1184),1
634,3,10,3,001-SEM (1521),001-LEC (1374),006-SEM (1490),1
635,3,8,1,003-LEC (1385),002-SEM (1414),003-SEM (1507),1
636,3,8,5,002-SEM (1476),004-SEM (1508),002-SEM (1557),1
637,3,10,3,001-SEM (1048),001-SEM (1065),002-SEM (1506),1
638,3,8,5,004-SEM (1508),020-SEM (1190),014-SEM (1184),1
639,3,10,2,014-SEM (1184),001-LEC (1348),001-SEM (1384),0
640,3,10,1,001-LEC (1398),003-SEM (1439),001-SEM (1327),1
641,3,8,3,002-SEM (1405),001-SEM (1083),NA,1
642,3,10,2,006-SEM (1090),018-SEM (1454),001-LEC (1348),0
643,3,10,4,001-LEC (1320),001-SEM (1124),001-SEM (1359),1
644,3,8,5,001-SEM (1395),001-SEM (1524),001-SEM (1101),1
645,3,8,2,001-SEM (1115),011-SEM (1447),015-SEM (1185),1
646,3,10,2,002-SEM (1087),002-SEM (1123),002-LEC (1352),1
647,3,8,2,001-LEC (1398),001-LEC (1337),NA,1
648,3,10,2,001-SEM (1110),001-SEM (1326),019-SEM (1455),1
649,3,10,3,001-SEM (1082),012-SEM (1448),001-LEC (1370),0
650,3,10,2,018-SEM (1188),023-SEM (1459),001-SEM (1392),1
651,2,8,3,002-SEM (1087),001-SEM (1342),NA,1
652,2,8,2,001-SEM (1083),001-SEM (1119),NA,1
653,2,8,3,001-SEM (1556),002-SEM (1318),001-LEC (1389),1
654,2,10,3,022-SEM (1192),004-LEC (1387),004-SEM (1488),1
655,2,8,5,024-SEM (1194),005-SEM (1509),001-LEC (1302),1
656,2,8,3,003-SEM (1299),002-LEC (1352),NA,1
657,2,10,3,001-SEM (1343),001-SEM (1053),001-SEM (1350),0
658,2,8,1,021-SEM (1457),001-SEM (1088),002-SEM (1060),0
659,2,10,3,001-SEM (1382),003-SEM (1487),002-SEM (1123),1
660,2,8,4,001-SEM (1342),001-SEM (1078),NA,1
661,2,8,3,001-SEM (1401),001-SEM (1113),NA,1
662,2,8,2,001-SEM (1327),001-SEM (1081),NA,1
663,2,8,2,001-SEM (1485),005-SEM (1059),001-SEM (1327),1
664,2,8,2,024-SEM (1460),001-LEC (1403),022-SEM (1458),0
665,2,10,4,002-SEM (1087),001-SEM (1075),001-SEM (1384),0
666,2,10,2,001-SEM (1531),001-LEC (1029),002-SEM (1311),1
667,2,8,2,025-SEM (1461),001-SEM (1504),007-SEM (1201),0
668,2,8,3,001-LEC (1373),002-SEM (1486),001-SEM (1091),1
669,2,8,2,001-SEM (1482),001-SEM (1097),001-SEM (1479),1
670,2,8,1,001-LEC (1068),001-SEM (1098),NA,1
671,2,10,3,001-SEM (1098),023-SEM (1193),001-SEM (1051),1
672,2,8,2,001-LEC (1061),023-SEM (1193),NA,1
673,2,10,5,002-SEM (1825),002-SEM (1506),001-SEM (1098),1
674,2,8,3,001-SEM (1054),004-SEM (1508),001-SEM (1531),1
675,2,8,1,001-SEM (1097),002-SEM (1095),NA,1
676,2,10,1,001-SEM (1410),001-SEM (1395),001-SEM (1505),1
677,2,8,3,008-SEM (1202),001-SEM (1113),NA,0
678,2,10,4,001-SEM (1106),001-SEM (1345),002-SEM (1095),1
679,2,8,3,001-SEM (1053),003-SEM (1439),001-SEM (1078),0
680,2,8,1,013-SEM (1183),001-SEM (1525),001-SEM (1341),1
681,2,8,5,001-SEM (1111),001-SEM (1556),001-SEM (1118),1
682,2,10,4,003-SEM (1439),001-LEC (1302),001-SEM (1091),1
683,2,10,4,001-SEM (1407),001-SEM (1098),001-SEM (1055),1
684,2,10,5,001-SEM (1109),001-SEM (1048),008-SEM (1492),0
685,2,10,1,023-SEM (1459),001-SEM (1065),014-SEM (1450),0
686,2,8,2,001-LEC (1389),006-SEM (1442),001-SEM (1343),0
687,2,8,2,024-SEM (1460),001-SEM (1101),001-SEM (1390),0
688,2,8,3,002-SEM (1393),001-LEC (1373),NA,0
689,2,10,3,020-SEM (1456),001-SEM (1048),002-SEM (1393),0
690,2,8,3,001-SEM (1081),001-SEM (1128),NA,1
691,2,8,3,001-SEM (1535),006-SEM (1510),023-SEM (1193),1
692,2,8,5,018-SEM (1454),003-SEM (1507),001-SEM (1479),1
693,2,8,3,002-SEM (1405),008-SEM (1202),NA,0
694,2,8,3,021-SEM (1457),001-SEM (1075),001-LEC (1370),0
695,2,8,2,001-SEM (1112),002-SEM (1311),NA,1
696,2,10,4,006-SEM (1490),001-LEC (1303),001-SEM (1407),1
697,2,8,1,002-SEM (1086),001-SEM (1404),NA,1
698,2,10,4,001-SEM (1391),001-SEM (1076),001-SEM (1109),0
699,2,8,2,001-SEM (1097),001-SEM (1505),001-SEM (1535),0
700,2,10,1,001-SEM (1934),002-SEM (1365),001-SEM (1109),1
701,2,10,5,002-SEM (1074),004-SEM (1936),001-SEM (1485),1
702,2,8,1,001-LEC (1568),001-SEM (1384),NA,1
703,2,10,4,001-SEM (1535),001-SEM (1404),002-SEM (1474),0
704,2,10,3,001-SEM (1367),001-LEC (1320),001-SEM (1075),1
705,2,10,1,005-SEM (1489),002-SEM (1095),001-SEM (1115),1
706,2,10,1,004-LEC (1387),001-SEM (1376),024-SEM (1460),1
707,2,8,2,017-SEM (1453),001-SEM (1559),001-SEM (1065),1
708,2,8,4,013-SEM (1183),001-LEC (1568),NA,1
709,2,8,2,003-SEM (1299),001-SEM (1409),NA,1
710,2,10,5,001-SEM (1048),001-SEM (1382),001-SEM (1341),1
711,2,8,1,001-SEM (1358),003-SEM (1439),002-SEM (1123),1
712,2,8,2,001-SEM (1524),001-LEC (1066),001-LEC (1029),1
713,2,10,2,001-SEM (1358),001-SEM (1359),002-SEM (1092),1
714,2,10,3,005-SEM (1199),001-SEM (1098),001-SEM (1114),1
715,2,8,4,002-SEM (1092),001-SEM (1934),001-SEM (1081),0
716,2,8,5,002-SEM (1526),005-SEM (1059),001-SEM (1088),1
717,2,8,1,002-SEM (1074),001-SEM (1063),NA,1
718,2,10,4,005-SEM (1199),001-LEC (1303),001-SEM (1119),1
719,2,10,3,001-SEM (1101),004-LEC (1387),001-SEM (1341),1
720,2,10,3,001-SEM (1125),025-SEM (1461),001-LEC (1398),0
721,2,8,5,004-SEM (1488),015-SEM (1185),002-SEM (1470),1
722,2,8,3,009-SEM (1445),007-SEM (1511),001-SEM (1341),1
723,2,8,4,001-SEM (1113),004-SEM (1488),006-LEC (1396),1
724,2,8,3,006-SEM (1510),020-SEM (1456),007-SEM (1511),1
725,2,10,4,002-SEM (1086),002-SEM (1526),001-SEM (1390),0
726,2,10,5,002-SEM (1073),001-SEM (1105),006-SEM (1490),1
727,2,10,3,003-LEC (1385),005-LEC (1368),006-SEM (1090),0
728,2,10,1,002-SEM (1086),021-SEM (1457),002-SEM (1074),0
729,2,8,2,001-SEM (1081),016-SEM (1452),001-SEM (1384),1
730,2,8,5,001-SEM (1053),001-SEM (1482),007-SEM (1511),1
731,2,8,5,001-LEC (1312),001-LEC (1068),NA,1
732,2,10,4,001-SEM (1392),005-SEM (1489),001-SEM (1101),1
733,2,10,1,001-SEM (1343),025-SEM (1461),001-LEC (1568),1
734,2,10,1,001-SEM (1395),002-SEM (1486),008-SEM (1512),1
735,2,10,4,003-SEM (1527),020-SEM (1190),002-SEM (1470),1
736,2,10,4,001-SEM (1346),002-SEM (1093),002-SEM (1557),0
737,2,10,4,001-LEC (1348),004-SEM (1936),025-SEM (1461),1
738,2,8,3,002-SEM (1318),001-SEM (1934),001-LEC (1324),0
739,2,8,1,003-LEC (1354),020-SEM (1190),NA,0
740,2,8,2,001-SEM (1346),006-SEM (1198),NA,1
741,2,10,5,004-LEC (1305),025-SEM (1461),001-SEM (1406),1
742,2,10,4,005-LEC (1368),013-SEM (1449),003-SEM (1299),0
743,2,8,4,001-LEC (1374),006-SEM (1198),NA,0
744,2,8,2,001-SEM (1098),001-SEM (1535),001-SEM (1048),0
745,2,10,1,001-SEM (1479),001-SEM (1384),004-SEM (1936),1
746,2,10,1,001-SEM (1075),001-SEM (1525),001-SEM (1105),1
747,2,8,1,007-SEM (1201),007-SEM (1511),007-SEM (1443),1
748,2,8,3,002-SEM (1472),001-SEM (1413),001-SEM (1050),0
749,2,8,3,005-SEM (1059),004-SEM (1440),001-SEM (1556),1
750,2,8,4,001-SEM (1367),001-LEC (1302),NA,1
751,2,10,4,001-SEM (1501),001-SEM (1479),001-SEM (1055),1
752,2,10,1,001-SEM (1054),002-SEM (1095),002-SEM (1332),1
753,2,8,5,001-SEM (1084),001-SEM (1085),NA,1
754,2,8,4,001-LEC (1373),003-SEM (1507),001-LEC (1312),1
755,2,10,4,001-SEM (1381),001-SEM (1122),001-LEC (1068),1
756,2,8,4,001-SEM (1504),002-SEM (1073),001-SEM (1081),1
757,2,10,2,001-LEC (1064),009-SEM (1445),003-SEM (1527),1
758,2,10,1,006-LEC (1396),001-SEM (1505),001-SEM (1341),0
759,2,10,5,001-LEC (1337),001-LEC (1348),008-SEM (1202),1
760,2,8,2,001-SEM (1334),015-SEM (1451),021-SEM (1457),1
761,2,10,5,002-SEM (1060),004-SEM (1508),002-SEM (1476),1
762,2,8,4,002-SEM (1526),001-SEM (1326),001-SEM (1099),1
763,2,10,3,001-SEM (1390),006-SEM (1490),015-SEM (1451),1
764,2,8,3,001-LEC (1302),001-SEM (1124),NA,1
765,2,8,1,005-SEM (1199),001-LEC (1374),NA,1
766,2,10,5,017-SEM (1453),001-LEC (1373),008-SEM (1492),1
767,2,8,4,001-SEM (1358),008-SEM (1492),001-SEM (1106),1
768,2,10,2,012-SEM (1448),001-LEC (1324),001-SEM (1109),1
769,2,10,4,015-SEM (1185),003-SEM (1487),001-SEM (1504),0
770,2,10,4,001-LEC (1324),001-SEM (1051),001-SEM (1504),1
771,2,10,5,005-SEM (1509),002-SEM (1470),001-SEM (1050),1
772,2,10,5,001-LEC (1324),002-SEM (1474),001-SEM (1559),1
773,2,10,2,001-SEM (1081),017-SEM (1453),001-SEM (1559),0
774,2,10,4,001-SEM (1110),002-SEM (1484),018-SEM (1454),1
775,2,10,3,001-SEM (1111),002-SEM (1365),002-SEM (1123),0
776,2,8,1,024-SEM (1194),023-SEM (1193),NA,0
777,2,8,3,001-LEC (1403),001-LEC (1348),NA,1
778,2,10,2,001-SEM (1406),001-SEM (1085),008-SEM (1492),1
779,2,10,1,001-SEM (1401),001-SEM (1098),003-SEM (1439),1
780,2,10,4,002-SEM (1311),001-SEM (1063),002-SEM (1486),1
781,2,8,1,002-SEM (1405),003-LEC (1385),NA,1
782,2,8,1,022-SEM (1192),004-SEM (1440),001-SEM (1104),1
783,2,10,3,005-SEM (1489),015-SEM (1451),001-LEC (1389),1
784,2,8,4,014-SEM (1450),001-SEM (1409),001-SEM (1104),0
785,2,10,1,001-SEM (1341),001-SEM (1048),006-SEM (1442),1
786,2,10,1,001-SEM (1505),003-SEM (1487),002-SEM (1365),0
787,2,10,2,001-SEM (1394),003-LEC (1328),001-LEC (1302),1
788,2,8,1,008-SEM (1512),002-SEM (1414),004-SEM (1488),1
789,2,8,3,001-SEM (1406),023-SEM (1193),NA,1
790,2,10,3,002-SEM (1476),001-SEM (1401),001-SEM (1099),1
791,2,10,2,010-SEM (1446),018-SEM (1188),001-SEM (1382),1
792,2,8,5,005-LEC (1368),001-LEC (1303),NA,1
793,2,8,4,002-SEM (1086),002-SEM (1825),001-SEM (1541),0
794,2,8,1,001-SEM (1098),002-SEM (1474),006-SEM (1490),1
795,2,10,3,001-SEM (1075),002-SEM (1484),001-LEC (1126),0
796,2,10,4,002-SEM (1123),004-SEM (1440),002-SEM (1318),1
797,2,8,3,014-SEM (1184),002-SEM (1332),NA,1
798,2,8,4,001-SEM (1406),001-SEM (1112),NA,0
799,2,10,3,001-SEM (1390),001-SEM (1106),001-LEC (1302),1
800,2,8,5,001-SEM (1504),022-SEM (1192),001-SEM (1115),0
801,2,8,3,001-SEM (1479),023-SEM (1459),001-SEM (1128),1
802,2,8,1,011-SEM (1447),002-SEM (1470),001-SEM (1346),0
803,2,8,4,001-SEM (1410),003-SEM (1527),005-SEM (1509),1
804,2,8,1,001-SEM (1122),001-SEM (1097),NA,1
805,2,10,3,001-SEM (1342),013-SEM (1183),002-SEM (1060),1
806,2,10,1,002-SEM (1827),001-SEM (1505),001-LEC (1126),0
807,2,8,1,001-SEM (1076),001-SEM (1121),NA,1
808,2,10,1,002-SEM (1472),024-SEM (1194),001-SEM (1504),0
809,2,8,2,001-SEM (1504),001-SEM (1079),003-SEM (1377),1
810,2,10,4,006-LEC (1396),024-SEM (1460),001-SEM (1350),1
811,2,8,1,001-SEM (1326),001-SEM (1076),NA,1
812,2,8,3,006-SEM (1090),001-SEM (1124),NA,1
813,2,8,5,001-SEM (1394),001-SEM (1559),NA,0
814,2,10,5,002-SEM (1393),001-SEM (1350),003-SEM (1507),1
815,2,10,4,001-SEM (1098),011-SEM (1447),001-SEM (1342),0
816,2,8,4,003-SEM (1299),001-LEC (1061),NA,1
817,2,8,2,001-SEM (1392),006-SEM (1198),NA,1
818,2,8,4,001-SEM (1395),001-SEM (1407),NA,0
819,2,8,5,005-SEM (1509),016-SEM (1452),023-SEM (1459),1
820,2,8,3,004-LEC (1305),002-SEM (1484),001-SEM (1406),1
821,2,10,2,002-SEM (1506),004-SEM (1936),001-LEC (1370),1
822,2,8,4,004-LEC (1387),001-LEC (1312),NA,1
823,2,8,5,008-SEM (1202),005-LEC (1307),NA,1
824,2,8,1,001-SEM (1096),005-SEM (1441),005-SEM (1059),1
825,2,8,5,016-SEM (1186),002-SEM (1093),NA,1
826,2,10,1,002-SEM (1311),001-LEC (1348),001-SEM (1479),0
827,2,10,1,006-SEM (1490),001-SEM (1346),020-SEM (1190),1
828,2,8,4,001-LEC (1348),003-SEM (1487),001-SEM (1096),1
829,2,10,1,001-SEM (1367),002-SEM (1476),010-SEM (1446),0
830,2,8,5,001-LEC (1370),001-SEM (1099),NA,1
831,2,10,1,001-SEM (1404),002-SEM (1087),001-SEM (1342),1
832,2,10,4,001-LEC (1324),001-SEM (1479),001-SEM (1485),0
833,2,10,4,003-SEM (1487),002-SEM (1825),001-SEM (1076),1
834,2,10,1,003-SEM (1507),001-SEM (1116),004-SEM (1488),0
835,2,8,5,001-SEM (1346),001-SEM (1081),NA,1
836,2,10,3,007-SEM (1443),001-SEM (1063),005-SEM (1489),0
837,2,10,5,005-SEM (1509),010-SEM (1446),004-SEM (1488),1
838,2,8,4,001-SEM (1111),021-SEM (1457),001-LEC (1064),1
839,2,10,5,002-SEM (1393),005-SEM (1199),001-SEM (1404),1
840,2,8,2,001-SEM (1410),001-SEM (1088),NA,1
841,2,10,1,019-SEM (1455),001-SEM (1391),001-SEM (1556),0
842,2,10,1,001-SEM (1361),006-SEM (1442),018-SEM (1454),1
843,2,8,4,001-SEM (1390),001-SEM (1359),NA,1
844,2,10,5,020-SEM (1190),021-SEM (1457),001-LEC (1370),1
845,2,8,2,002-SEM (1393),001-SEM (1334),NA,1
846,2,8,2,002-LEC (1352),001-LEC (1303),NA,1
847,2,10,5,002-LEC (1352),001-SEM (1105),001-SEM (1345),1
848,2,10,1,001-SEM (1326),003-LEC (1385),001-SEM (1327),0
849,2,10,4,001-SEM (1345),001-SEM (1326),004-SEM (1056),1
850,2,8,4,002-SEM (1365),024-SEM (1460),002-SEM (1311),1
851,2,8,1,001-SEM (1382),020-SEM (1456),001-SEM (1341),0
852,2,10,5,003-SEM (1487),001-SEM (1501),025-SEM (1461),0
853,2,10,2,001-SEM (1404),001-SEM (1537),018-SEM (1454),1
854,2,8,4,020-SEM (1456),002-SEM (1405),001-LEC (1324),0
855,2,8,5,001-SEM (1075),006-SEM (1442),005-SEM (1059),0
856,2,8,2,001-SEM (1345),002-SEM (1825),003-LEC (1328),1
857,2,10,2,001-SEM (1381),001-LEC (1389),001-SEM (1050),1
858,2,8,4,015-SEM (1451),021-SEM (1191),004-SEM (1936),1
859,2,10,4,001-SEM (1065),001-SEM (1934),007-SEM (1491),1
860,2,10,5,001-SEM (1384),004-SEM (1440),002-SEM (1123),0
861,2,10,2,005-SEM (1199),002-SEM (1506),001-SEM (1124),1
862,2,10,3,001-SEM (1361),001-SEM (1505),014-SEM (1450),0
863,2,10,5,025-SEM (1461),001-SEM (1081),019-SEM (1189),0
864,2,8,4,001-SEM (1537),023-SEM (1459),001-SEM (1531),0
865,2,8,3,019-SEM (1455),005-SEM (1199),008-SEM (1444),1
866,2,8,4,001-SEM (1063),024-SEM (1460),001-SEM (1121),1
867,2,8,5,004-SEM (1488),004-SEM (1440),023-SEM (1193),1
868,2,8,2,001-SEM (1079),001-SEM (1111),NA,1
869,2,8,3,021-SEM (1191),001-SEM (1106),NA,1
870,2,8,4,001-SEM (1394),001-SEM (1556),001-SEM (1334),1
871,2,8,3,002-SEM (1506),004-LEC (1305),009-SEM (1445),1
872,2,10,1,001-LEC (1370),001-SEM (1556),001-SEM (1359),0
873,2,10,1,017-SEM (1453),008-SEM (1492),002-SEM (1827),1
874,2,8,4,001-SEM (1098),007-SEM (1201),NA,1
875,2,8,5,020-SEM (1190),005-LEC (1307),NA,1
876,2,8,3,001-LEC (1064),001-SEM (1091),NA,1
877,2,10,5,002-SEM (1825),001-SEM (1485),001-SEM (1359),1
878,2,10,5,002-SEM (1393),003-LEC (1354),002-SEM (1506),0
879,2,8,1,001-SEM (1067),001-SEM (1410),NA,1
880,2,8,4,001-SEM (1521),007-SEM (1511),002-SEM (1311),0
881,2,8,5,001-SEM (1063),001-SEM (1101),NA,1
882,2,8,3,001-LEC (1126),001-SEM (1531),002-SEM (1087),1
883,2,8,2,001-SEM (1350),017-SEM (1453),001-SEM (1505),0
884,2,8,1,001-SEM (1367),001-SEM (1409),NA,1
885,2,10,5,001-SEM (1392),006-SEM (1198),021-SEM (1191),1
886,2,8,5,001-SEM (1407),002-SEM (1827),001-SEM (1406),0
887,2,8,3,001-SEM (1531),001-SEM (1085),001-SEM (1124),1
888,2,8,2,005-LEC (1307),001-LEC (1066),NA,1
889,2,8,4,001-SEM (1054),006-SEM (1090),NA,1
890,2,10,5,002-SEM (1060),001-SEM (1053),003-LEC (1385),1
891,2,8,4,002-SEM (1557),001-SEM (1051),010-SEM (1446),0
892,2,8,2,004-SEM (1488),001-SEM (1482),002-SEM (1093),1
893,2,8,2,001-LEC (1312),001-SEM (1101),NA,1
894,2,10,4,022-SEM (1458),001-LEC (1398),001-SEM (1106),1
895,2,8,2,001-SEM (1115),002-SEM (1129),NA,1
896,2,8,5,001-SEM (1334),008-SEM (1444),001-SEM (1343),0
897,2,8,5,010-SEM (1446),002-SEM (1474),001-LEC (1066),1
898,2,10,2,001-SEM (1367),001-LEC (1064),001-SEM (1350),1
899,2,8,2,001-SEM (1361),001-SEM (1063),NA,1
900,2,10,1,017-SEM (1453),001-SEM (1055),006-SEM (1090),1
901,2,8,5,001-LEC (1302),004-SEM (1508),001-LEC (1324),1
902,2,8,1,002-SEM (1095),002-SEM (1827),002-LEC (1352),1
903,2,8,1,008-SEM (1492),001-SEM (1531),004-LEC (1387),1
904,2,8,4,011-SEM (1447),004-SEM (1056),001-SEM (1082),0
905,2,8,5,020-SEM (1190),018-SEM (1454),001-SEM (1395),0
906,2,8,5,001-LEC (1064),002-SEM (1484),024-SEM (1460),1
907,2,8,3,001-SEM (1358),004-SEM (1056),NA,1
908,2,8,1,001-SEM (1080),004-SEM (1056),NA,1
909,2,8,3,006-SEM (1090),001-SEM (1359),NA,1
910,2,8,2,015-SEM (1185),006-SEM (1442),002-SEM (1472),1
911,2,10,1,001-SEM (1390),015-SEM (1451),006-SEM (1490),1
912,2,8,4,001-LEC (1066),001-SEM (1121),NA,1
913,2,10,2,001-SEM (1382),002-SEM (1414),001-SEM (1053),0
914,2,8,3,001-LEC (1126),002-SEM (1414),001-SEM (1053),0
915,2,8,4,001-SEM (1934),001-SEM (1334),001-SEM (1341),1
916,2,8,4,001-SEM (1055),008-SEM (1444),001-SEM (1401),0
917,2,10,5,001-SEM (1083),007-SEM (1443),001-SEM (1079),0
918,2,8,3,007-SEM (1511),008-SEM (1492),001-SEM (1350),1
919,2,8,1,001-SEM (1096),001-LEC (1337),NA,0
920,2,8,1,005-SEM (1489),002-SEM (1484),001-SEM (1096),0
921,2,8,4,001-SEM (1521),004-SEM (1936),001-SEM (1326),1
922,2,10,2,001-SEM (1105),014-SEM (1450),001-SEM (1479),0
923,2,8,2,006-SEM (1490),001-SEM (1531),002-SEM (1470),1
924,2,10,3,014-SEM (1184),001-SEM (1065),001-SEM (1525),1
925,2,10,1,001-LEC (1302),004-LEC (1387),001-SEM (1341),1
926,2,10,2,009-SEM (1445),001-SEM (1065),001-SEM (1391),0
927,2,8,4,003-LEC (1354),003-SEM (1299),NA,0
928,2,10,3,001-SEM (1482),001-SEM (1080),001-SEM (1076),0
929,2,10,2,006-SEM (1490),001-SEM (1482),001-SEM (1485),1
930,2,10,5,001-SEM (1359),023-SEM (1193),003-SEM (1507),1
931,2,10,5,001-SEM (1395),001-SEM (1108),006-LEC (1396),0
932,2,8,4,001-SEM (1114),004-SEM (1508),002-SEM (1129),1
933,2,10,2,001-SEM (1097),006-SEM (1510),001-SEM (1128),1
934,2,8,1,001-LEC (1324),001-SEM (1485),006-SEM (1442),1
935,2,8,5,004-SEM (1056),001-SEM (1341),NA,0
936,2,8,1,001-SEM (1075),001-SEM (1055),NA,1
937,2,8,1,003-SEM (1527),003-SEM (1439),008-SEM (1444),1
938,2,8,1,005-SEM (1441),001-SEM (1078),001-SEM (1084),1
939,2,8,3,024-SEM (1194),001-SEM (1480),001-SEM (1361),1
940,2,8,1,006-LEC (1396),001-SEM (1065),NA,1
941,2,10,3,011-SEM (1447),001-SEM (1521),001-SEM (1537),1
942,2,8,5,001-SEM (1110),006-SEM (1090),NA,1
943,2,10,5,001-SEM (1122),013-SEM (1183),001-SEM (1531),1
944,2,8,2,002-SEM (1087),012-SEM (1448),001-LEC (1029),0
945,2,8,1,001-SEM (1556),008-SEM (1512),001-SEM (1115),1
946,2,10,3,002-SEM (1123),002-SEM (1332),015-SEM (1185),0
947,2,8,1,002-SEM (1405),002-SEM (1476),001-SEM (1106),0
948,2,8,5,001-SEM (1113),001-SEM (1326),NA,1
949,2,8,4,001-SEM (1326),019-SEM (1189),NA,1
950,2,10,1,001-LEC (1389),003-SEM (1507),019-SEM (1455),1
951,2,8,4,001-SEM (1327),001-SEM (1556),001-LEC (1337),0
952,2,8,5,001-SEM (1394),001-SEM (1083),NA,0
953,2,8,5,001-SEM (1358),015-SEM (1185),NA,1
954,2,8,3,001-LEC (1348),002-SEM (1414),001-SEM (1091),0
955,2,10,1,022-SEM (1458),011-SEM (1447),001-SEM (1109),0
956,2,8,5,019-SEM (1189),022-SEM (1192),NA,1
957,2,10,3,001-SEM (1327),001-LEC (1066),001-SEM (1051),1
958,2,8,4,005-LEC (1307),004-SEM (1056),NA,1
959,2,8,5,001-SEM (1541),008-SEM (1512),001-SEM (1101),1
960,2,10,5,001-SEM (1097),001-SEM (1111),001-SEM (1346),1
961,2,10,2,002-SEM (1060),018-SEM (1188),004-SEM (1056),1
962,2,8,4,006-SEM (1490),002-SEM (1332),001-SEM (1359),0
963,2,10,5,001-SEM (1080),001-SEM (1128),003-SEM (1507),1
964,2,8,2,001-SEM (1048),005-LEC (1368),NA,1
965,2,8,5,021-SEM (1191),002-LEC (1352),NA,1
966,2,8,3,002-SEM (1129),008-SEM (1492),001-LEC (1568),1
967,2,8,4,001-SEM (1085),002-SEM (1486),001-SEM (1359),0
968,2,10,3,004-SEM (1508),001-SEM (1537),001-SEM (1053),1
969,2,8,3,002-SEM (1472),014-SEM (1450),022-SEM (1458),0
970,2,8,5,005-SEM (1199),001-SEM (1524),005-LEC (1307),1
971,2,8,3,019-SEM (1455),022-SEM (1192),003-SEM (1507),0
972,2,8,4,001-SEM (1081),017-SEM (1453),001-SEM (1108),1
973,2,10,4,002-SEM (1129),001-LEC (1337),002-SEM (1472),1
974,2,10,2,001-SEM (1097),004-SEM (1440),001-SEM (1119),1
975,2,10,3,003-LEC (1354),008-SEM (1202),001-SEM (1052),1
976,2,8,5,001-SEM (1384),015-SEM (1185),NA,1
977,2,8,2,001-SEM (1121),001-SEM (1395),NA,1
978,2,10,3,002-LEC (1352),001-SEM (1521),002-SEM (1087),1
979,2,8,2,001-SEM (1525),007-SEM (1511),001-LEC (1064),1
980,2,8,1,001-SEM (1381),002-SEM (1474),001-SEM (1075),0
981,2,8,4,002-SEM (1093),003-SEM (1377),NA,0
982,2,10,5,001-SEM (1075),009-SEM (1445),006-SEM (1490),0
983,2,8,5,004-SEM (1440),006-SEM (1490),002-SEM (1486),0
984,2,10,2,020-SEM (1456),002-SEM (1087),001-SEM (1108),0
985,2,8,5,001-SEM (1112),001-SEM (1055),NA,1
986,2,8,2,001-SEM (1501),004-SEM (1936),001-SEM (1067),1
987,2,10,1,001-SEM (1088),020-SEM (1456),001-SEM (1535),0
988,2,10,4,001-SEM (1110),002-SEM (1060),001-SEM (1505),0
989,2,8,4,001-SEM (1404),020-SEM (1190),NA,1
990,2,10,1,001-LEC (1324),007-SEM (1491),013-SEM (1449),1
991,2,8,1,019-SEM (1189),001-SEM (1055),NA,1
992,2,8,2,005-SEM (1059),002-SEM (1405),NA,1
993,2,10,4,001-SEM (1052),001-SEM (1382),023-SEM (1193),1
994,2,8,2,005-SEM (1509),003-SEM (1439),001-SEM (1076),1
995,2,8,5,001-SEM (1116),001-SEM (1098),NA,1
996,2,10,4,002-SEM (1073),002-SEM (1470),001-LEC (1389),0
997,2,8,2,001-SEM (1105),004-SEM (1488),001-SEM (1556),0
998,2,8,2,002-SEM (1557),002-SEM (1484),001-SEM (1054),1
999,2,10,4,001-SEM (1098),002-SEM (1484),002-SEM (1123),1
1000,2,10,5,023-SEM (1193),002-SEM (1825),001-SEM (1406),1
1001,2,8,5,001-SEM (1112),003-SEM (1299),NA,1
1002,2,8,5,002-SEM (1476),008-SEM (1512),006-SEM (1090),0
1003,2,8,2,001-SEM (1111),026-SEM (1462),001-LEC (1126),0
1004,2,10,4,001-SEM (1065),001-LEC (1302),007-SEM (1443),1
1005,2,8,3,003-SEM (1299),001-LEC (1398),NA,1
1006,2,8,3,001-SEM (1114),001-SEM (1054),NA,0
1007,2,10,2,020-SEM (1190),001-LEC (1324),001-LEC (1349),1
1008,2,10,4,016-SEM (1186),001-LEC (1398),001-SEM (1401),0
1009,2,10,1,001-LEC (1374),001-SEM (1055),001-SEM (1382),0
1010,2,10,3,001-SEM (1105),002-SEM (1393),001-SEM (1111),0
1011,2,10,2,001-LEC (1337),024-SEM (1460),002-LEC (1352),1
1012,2,10,3,001-SEM (1407),001-SEM (1361),002-SEM (1486),1
1013,2,10,4,002-SEM (1470),003-LEC (1385),001-SEM (1075),0
1014,2,8,3,001-LEC (1568),001-LEC (1029),NA,1
1015,2,8,3,001-SEM (1050),001-SEM (1122),NA,1
1016,2,10,1,005-SEM (1509),002-SEM (1476),003-LEC (1328),0
1017,2,8,3,001-SEM (1048),001-SEM (1384),NA,1
1018,2,8,1,001-SEM (1098),021-SEM (1457),001-SEM (1105),1
1019,2,8,1,003-SEM (1507),001-LEC (1061),001-SEM (1055),0
1020,2,8,4,001-SEM (1934),001-SEM (1394),008-SEM (1202),0
1021,2,10,4,001-LEC (1349),001-SEM (1404),014-SEM (1450),0
1022,2,10,5,001-SEM (1480),016-SEM (1452),003-LEC (1354),0
1023,2,8,1,008-SEM (1492),021-SEM (1191),001-SEM (1559),0
1024,2,10,3,001-SEM (1105),001-SEM (1401),006-SEM (1090),1
1025,2,10,5,021-SEM (1191),001-SEM (1091),001-SEM (1098),0
1026,2,10,5,002-SEM (1332),001-LEC (1061),020-SEM (1190),1
1027,2,8,4,002-SEM (1827),001-LEC (1348),001-SEM (1406),1
1028,2,8,4,001-SEM (1525),001-SEM (1524),001-SEM (1128),1
1029,2,8,2,001-SEM (1081),025-SEM (1461),001-SEM (1098),0
1030,2,8,5,001-SEM (1052),006-SEM (1510),001-SEM (1122),1
1031,2,10,4,001-SEM (1097),001-SEM (1505),001-SEM (1382),0
1032,2,10,1,001-SEM (1110),025-SEM (1461),001-SEM (1078),0
1033,2,10,5,001-SEM (1078),002-SEM (1332),001-SEM (1559),1
1034,2,10,1,002-SEM (1318),001-LEC (1373),001-SEM (1096),0
1035,2,10,1,012-SEM (1448),002-SEM (1123),006-SEM (1198),1
1036,2,8,3,001-SEM (1085),012-SEM (1448),005-SEM (1489),1
1037,2,10,1,008-SEM (1202),026-SEM (1462),007-SEM (1443),0
1038,2,8,1,001-SEM (1367),001-SEM (1359),NA,1
1039,2,10,1,001-SEM (1382),002-SEM (1074),001-LEC (1349),0
1040,2,10,2,003-SEM (1377),001-LEC (1337),001-LEC (1403),1
1041,2,8,4,022-SEM (1458),001-SEM (1327),002-SEM (1470),1
1042,2,8,5,018-SEM (1188),001-SEM (1101),NA,1
1043,2,10,5,001-SEM (1091),001-SEM (1099),024-SEM (1194),1
1044,2,10,1,001-LEC (1324),001-SEM (1122),021-SEM (1191),1
1045,2,10,1,001-SEM (1088),001-LEC (1568),001-SEM (1104),1
1046,2,8,2,003-SEM (1507),001-SEM (1106),001-LEC (1348),0
1047,2,8,4,007-SEM (1443),001-SEM (1406),001-SEM (1055),1
1048,2,10,4,004-SEM (1936),021-SEM (1191),001-LEC (1337),1
1049,2,8,4,007-SEM (1443),001-SEM (1384),001-LEC (1068),1
1050,2,10,2,005-SEM (1059),005-LEC (1307),001-SEM (1334),1
1051,1,8,4,001-SEM (1413),001-SEM (1326),010-SEM (1446),1
1052,1,10,4,002-SEM (1365),003-SEM (1507),002-SEM (1073),0
1053,1,10,5,001-SEM (1114),001-LEC (1398),002-SEM (1393),1
1054,1,8,3,001-SEM (1358),001-LEC (1302),NA,1
1055,1,10,4,001-SEM (1401),006-SEM (1490),018-SEM (1188),0
1056,1,10,2,001-LEC (1320),005-LEC (1307),014-SEM (1184),0
1057,1,10,4,002-SEM (1827),002-SEM (1472),015-SEM (1185),0
1058,1,8,2,001-SEM (1085),003-SEM (1507),001-SEM (1083),0
1059,1,10,3,014-SEM (1450),001-SEM (1556),001-SEM (1525),0
1060,1,8,5,001-SEM (1390),018-SEM (1454),001-LEC (1370),0
1061,1,8,4,001-SEM (1480),001-SEM (1054),001-SEM (1358),0
1062,1,10,3,001-LEC (1302),001-SEM (1406),001-SEM (1079),1
1063,1,8,2,004-SEM (1488),001-SEM (1343),001-SEM (1358),0
1064,1,10,4,001-SEM (1334),001-LEC (1302),001-SEM (1358),1
1065,1,8,3,001-SEM (1346),003-SEM (1527),005-SEM (1199),1
1066,1,8,2,001-SEM (1376),001-SEM (1122),NA,1
1067,1,10,4,001-SEM (1326),001-SEM (1410),022-SEM (1192),1
1068,1,8,4,013-SEM (1449),001-SEM (1067),001-LEC (1064),1
1069,1,8,3,024-SEM (1460),004-SEM (1936),003-SEM (1487),1
1070,1,8,1,006-SEM (1490),002-SEM (1414),004-LEC (1387),0
1071,1,8,4,017-SEM (1453),001-LEC (1303),002-SEM (1060),0
1072,1,8,4,004-SEM (1056),002-SEM (1311),NA,1
1073,1,8,2,001-SEM (1327),004-SEM (1056),NA,1
1074,1,10,2,001-SEM (1391),002-SEM (1332),012-SEM (1448),1
1075,1,8,1,002-SEM (1095),024-SEM (1460),004-SEM (1440),0
1076,1,10,4,001-SEM (1367),002-SEM (1086),005-SEM (1489),1
1077,1,8,3,001-LEC (1568),026-SEM (1462),002-SEM (1129),1
1078,1,8,5,006-SEM (1490),001-SEM (1119),001-SEM (1048),0
1079,1,8,4,001-SEM (1112),001-SEM (1116),NA,0
1080,1,8,5,001-SEM (1535),022-SEM (1192),002-SEM (1414),1
1081,1,10,5,001-LEC (1064),001-SEM (1537),001-SEM (1327),0
1082,1,8,3,003-SEM (1439),004-LEC (1387),001-LEC (1064),1
1083,1,10,4,007-SEM (1443),002-SEM (1093),003-LEC (1328),1
1084,1,10,4,001-SEM (1531),001-SEM (1342),003-SEM (1377),1
1085,1,8,3,001-SEM (1124),024-SEM (1460),001-LEC (1370),0
1086,1,8,3,026-SEM (1462),001-SEM (1358),024-SEM (1460),1
1087,1,10,5,004-SEM (1488),005-SEM (1059),001-SEM (1051),0
1088,1,8,3,001-SEM (1091),002-SEM (1095),NA,0
1089,1,10,5,024-SEM (1194),001-SEM (1504),001-SEM (1051),1
1090,1,10,2,006-SEM (1510),001-SEM (1054),001-SEM (1078),1
1091,1,8,3,001-SEM (1097),008-SEM (1492),001-SEM (1085),1
1092,1,10,4,002-SEM (1476),005-SEM (1059),001-LEC (1312),0
1093,1,8,4,001-LEC (1066),010-SEM (1446),001-LEC (1349),1
1094,1,10,4,007-SEM (1201),001-SEM (1053),015-SEM (1451),1
1095,1,10,5,001-SEM (1391),014-SEM (1184),001-LEC (1126),1
1096,1,10,4,015-SEM (1185),001-SEM (1111),002-SEM (1526),1
1097,1,8,5,001-SEM (1121),015-SEM (1451),001-SEM (1537),0
1098,1,8,2,002-SEM (1557),004-SEM (1508),001-SEM (1384),1
1099,1,8,4,001-LEC (1064),001-SEM (1099),NA,1
1100,1,8,3,001-SEM (1345),005-SEM (1441),001-SEM (1501),1
1101,1,8,5,001-SEM (1065),001-SEM (1067),NA,0
1102,1,8,2,001-SEM (1392),002-SEM (1405),NA,1
1103,1,10,2,001-SEM (1559),008-SEM (1512),002-SEM (1557),1
1104,1,8,5,002-SEM (1086),004-LEC (1387),NA,1
1105,1,8,4,006-LEC (1396),009-SEM (1445),002-SEM (1332),0
1106,1,8,2,001-SEM (1079),001-SEM (1541),NA,1
1107,1,8,4,008-SEM (1444),001-SEM (1048),002-SEM (1470),1
1108,1,10,4,001-SEM (1113),001-SEM (1407),002-SEM (1526),1
1109,1,10,4,001-SEM (1063),021-SEM (1457),001-LEC (1064),0
1110,1,10,3,006-SEM (1198),001-LEC (1064),001-SEM (1401),0
1111,1,8,3,001-SEM (1410),011-SEM (1447),005-SEM (1199),1
1112,1,8,3,001-SEM (1358),001-SEM (1080),NA,1
1113,1,8,2,001-LEC (1126),001-SEM (1409),NA,0
1114,1,10,1,001-SEM (1345),001-SEM (1084),001-SEM (1541),1
1115,1,8,4,002-SEM (1827),025-SEM (1461),002-SEM (1365),0
1116,1,10,5,014-SEM (1450),008-SEM (1492),006-SEM (1442),0
1117,1,10,2,026-SEM (1462),022-SEM (1192),001-SEM (1098),1
1118,1,10,2,013-SEM (1183),001-SEM (1327),002-SEM (1093),1
1119,1,10,1,001-SEM (1345),001-SEM (1128),002-SEM (1474),1
1120,1,10,4,001-SEM (1067),002-SEM (1123),002-SEM (1129),1
1121,1,10,3,023-SEM (1193),001-LEC (1403),001-SEM (1082),1
1122,1,10,4,007-SEM (1511),001-LEC (1061),003-SEM (1299),1
1123,1,10,3,011-SEM (1447),007-SEM (1443),001-SEM (1078),0
1124,1,10,5,001-SEM (1111),001-SEM (1099),001-LEC (1068),1
1125,1,10,1,002-SEM (1474),001-LEC (1373),002-SEM (1129),0
1126,1,8,3,001-SEM (1063),001-SEM (1101),NA,1
1127,1,8,4,003-LEC (1385),001-SEM (1359),NA,1
1128,1,10,5,002-SEM (1470),001-SEM (1080),001-SEM (1063),0
1129,1,10,2,002-SEM (1318),005-LEC (1307),002-SEM (1087),1
1130,1,10,2,001-SEM (1381),001-SEM (1067),001-SEM (1076),1
1131,1,8,2,001-SEM (1410),002-LEC (1352),NA,1
1132,1,8,4,002-SEM (1472),024-SEM (1460),001-SEM (1113),0
1133,1,8,2,001-SEM (1535),001-SEM (1556),001-SEM (1342),0
1134,1,8,3,001-SEM (1524),001-SEM (1054),001-SEM (1122),0
1135,1,8,2,002-SEM (1311),001-SEM (1376),NA,1
1136,1,8,3,002-SEM (1484),001-SEM (1525),002-SEM (1486),1
1137,1,10,4,001-SEM (1121),001-LEC (1373),001-SEM (1128),1
1138,1,10,1,002-SEM (1414),001-SEM (1413),023-SEM (1193),1
1139,1,10,1,001-SEM (1052),001-SEM (1341),001-SEM (1108),0
1140,1,10,1,002-SEM (1476),025-SEM (1461),003-SEM (1299),0
1141,1,10,1,005-LEC (1307),001-SEM (1392),026-SEM (1462),1
1142,1,8,2,022-SEM (1192),002-SEM (1365),NA,1
1143,1,8,4,002-SEM (1393),002-SEM (1311),NA,1
1144,1,8,5,001-SEM (1381),007-SEM (1511),001-SEM (1122),1
1145,1,10,1,001-SEM (1537),001-SEM (1376),025-SEM (1461),0
1146,1,10,2,001-SEM (1535),008-SEM (1202),001-SEM (1111),0
1147,1,8,1,001-SEM (1101),001-SEM (1359),NA,0
1148,1,10,2,004-SEM (1508),001-SEM (1505),001-LEC (1337),0
1149,1,10,3,018-SEM (1188),001-SEM (1359),001-SEM (1111),1
1150,1,8,4,001-LEC (1061),004-SEM (1936),003-LEC (1328),0
1151,1,10,5,012-SEM (1448),002-SEM (1318),001-SEM (1110),0
1152,1,8,5,022-SEM (1192),001-SEM (1341),NA,0
1153,1,8,4,004-SEM (1936),001-SEM (1395),001-SEM (1358),0
1154,1,8,4,004-SEM (1488),001-SEM (1367),001-SEM (1334),0
1155,1,8,1,001-SEM (1109),001-SEM (1504),007-SEM (1491),0
1156,1,8,2,001-SEM (1361),001-LEC (1373),NA,1
1157,1,8,4,003-LEC (1385),001-SEM (1401),NA,1
1158,1,8,4,007-SEM (1201),001-SEM (1128),NA,1
1159,1,8,4,005-SEM (1509),003-SEM (1439),001-SEM (1053),0
1160,1,10,5,002-SEM (1825),001-LEC (1373),002-SEM (1332),1
1161,1,10,5,001-SEM (1524),001-SEM (1122),002-SEM (1086),1
1162,1,8,1,006-SEM (1490),004-SEM (1440),004-LEC (1387),0
1163,1,8,5,001-SEM (1391),001-SEM (1101),NA,0
1164,1,10,1,002-SEM (1474),001-LEC (1389),001-SEM (1079),0
1165,1,10,5,002-SEM (1827),001-SEM (1101),003-SEM (1507),0
1166,1,10,5,001-SEM (1537),001-SEM (1413),001-SEM (1080),0
1167,1,8,4,002-SEM (1557),002-SEM (1393),018-SEM (1188),1
1168,1,10,3,001-SEM (1115),001-LEC (1320),001-SEM (1050),1
1169,1,8,2,001-LEC (1312),003-SEM (1299),NA,1
1170,1,10,1,001-LEC (1348),001-SEM (1050),001-SEM (1413),0
1171,1,8,3,001-SEM (1118),002-SEM (1557),001-SEM (1114),0
1172,1,8,1,002-SEM (1092),004-LEC (1305),NA,1
1173,1,8,2,001-SEM (1390),001-SEM (1537),NA,1
1174,1,10,5,026-SEM (1462),018-SEM (1188),004-LEC (1305),1
1175,1,8,2,002-SEM (1129),009-SEM (1445),021-SEM (1457),1
1176,1,8,2,007-SEM (1443),001-SEM (1410),001-SEM (1535),0
1177,1,8,5,004-SEM (1440),014-SEM (1184),002-SEM (1476),0
1178,1,10,4,003-SEM (1377),001-SEM (1390),013-SEM (1449),0
1179,1,10,3,004-LEC (1387),017-SEM (1453),005-SEM (1059),1
1180,1,10,5,001-SEM (1109),001-SEM (1098),002-SEM (1393),0
1181,1,10,3,005-SEM (1199),001-SEM (1413),001-LEC (1568),1
1182,1,10,1,001-SEM (1350),016-SEM (1186),018-SEM (1454),0
1183,1,10,4,006-SEM (1510),001-SEM (1121),001-SEM (1485),1
1184,1,10,1,001-SEM (1048),002-SEM (1414),012-SEM (1448),1
1185,1,8,5,002-SEM (1365),002-SEM (1332),NA,1
1186,1,10,1,001-SEM (1482),001-SEM (1361),023-SEM (1193),0
1187,1,10,4,004-SEM (1056),002-SEM (1405),024-SEM (1194),1
1188,1,8,3,003-LEC (1385),001-LEC (1337),NA,0
1189,1,10,1,001-SEM (1063),001-SEM (1367),001-SEM (1101),1
1190,1,8,2,002-SEM (1557),001-SEM (1505),001-LEC (1403),0
1191,1,10,3,001-SEM (1099),001-SEM (1342),020-SEM (1190),1
1192,1,10,1,001-SEM (1052),002-SEM (1087),005-SEM (1489),1
1193,1,8,5,002-SEM (1470),002-SEM (1472),001-SEM (1480),0
1194,1,8,1,002-SEM (1332),002-SEM (1129),NA,1
1195,1,10,1,001-SEM (1114),001-SEM (1085),001-LEC (1302),1
1196,1,10,3,018-SEM (1454),001-SEM (1099),008-SEM (1512),0
1197,1,10,5,002-SEM (1074),001-SEM (1342),001-SEM (1078),0
1198,1,10,3,004-LEC (1387),001-SEM (1052),001-LEC (1126),0
1199,1,8,4,001-LEC (1068),001-SEM (1088),NA,1
1200,1,8,2,001-SEM (1113),004-SEM (1488),001-SEM (1326),0
1201,1,8,1,003-SEM (1299),001-SEM (1052),NA,1
1202,1,8,4,018-SEM (1188),003-LEC (1354),NA,1
1203,1,8,5,001-LEC (1312),002-SEM (1414),001-SEM (1079),0
1204,1,8,2,001-SEM (1524),001-SEM (1541),001-SEM (1482),0
1205,1,8,3,001-SEM (1112),001-SEM (1114),NA,0
1206,1,10,1,002-SEM (1073),003-SEM (1377),001-LEC (1348),0
1207,1,10,5,001-SEM (1106),001-SEM (1406),002-SEM (1092),0
1208,1,8,4,002-SEM (1087),002-SEM (1825),003-SEM (1507),0
1209,1,8,4,001-SEM (1083),001-SEM (1076),NA,1
1210,1,10,2,001-SEM (1501),001-LEC (1389),001-SEM (1101),1
1211,1,8,5,004-LEC (1305),002-SEM (1557),001-SEM (1376),1
1212,1,10,1,001-SEM (1485),020-SEM (1190),007-SEM (1511),0
1213,1,8,2,002-SEM (1472),001-SEM (1395),001-SEM (1407),0
1214,1,8,3,002-SEM (1092),002-SEM (1393),NA,0
1215,1,8,5,008-SEM (1512),001-SEM (1051),001-SEM (1524),0
1216,1,10,4,007-SEM (1201),001-LEC (1312),002-SEM (1414),0
1217,1,8,3,001-SEM (1109),002-SEM (1393),NA,1
1218,1,8,5,005-LEC (1368),006-SEM (1510),020-SEM (1190),0
1219,1,8,3,003-SEM (1527),001-SEM (1111),001-SEM (1531),1
1220,1,8,2,005-SEM (1441),002-SEM (1472),001-SEM (1119),0
1221,1,10,3,001-LEC (1061),001-LEC (1370),001-SEM (1124),1
1222,1,10,1,001-SEM (1082),008-SEM (1202),001-SEM (1505),0
1223,1,10,3,002-SEM (1073),001-SEM (1125),022-SEM (1458),0
1224,1,10,3,002-SEM (1095),001-LEC (1374),001-LEC (1324),0
1225,1,10,2,008-SEM (1202),001-LEC (1029),001-SEM (1501),1
1226,1,10,3,001-SEM (1342),002-SEM (1393),007-SEM (1443),0
1227,1,10,2,001-SEM (1406),011-SEM (1447),022-SEM (1458),1
1228,1,8,1,005-SEM (1441),001-SEM (1128),001-LEC (1373),0
1229,1,8,3,002-SEM (1393),002-SEM (1405),NA,1
1230,1,8,2,006-SEM (1490),001-SEM (1108),011-SEM (1447),0
1231,1,10,4,025-SEM (1461),001-SEM (1122),004-LEC (1387),0
1232,1,8,4,001-SEM (1050),002-SEM (1484),017-SEM (1453),1
1233,1,8,2,002-SEM (1093),001-SEM (1394),NA,1
1234,1,8,3,001-SEM (1051),001-LEC (1061),NA,0
1235,1,10,1,001-SEM (1052),001-SEM (1394),002-SEM (1557),1
1236,1,8,2,001-LEC (1312),003-SEM (1439),001-SEM (1525),0
1237,1,10,4,006-SEM (1490),004-SEM (1508),001-SEM (1124),0
1238,1,8,2,005-LEC (1307),019-SEM (1455),020-SEM (1190),1
1239,1,8,5,001-SEM (1401),001-SEM (1341),NA,0
1240,1,8,3,001-SEM (1350),001-SEM (1054),NA,1
1241,1,8,3,001-SEM (1114),002-SEM (1557),001-LEC (1303),1
1242,1,8,5,001-SEM (1504),015-SEM (1451),001-SEM (1079),1
1243,1,8,1,009-SEM (1445),001-SEM (1342),006-SEM (1090),1
1244,1,8,5,002-SEM (1506),002-SEM (1474),014-SEM (1450),0
1245,1,8,4,003-LEC (1385),001-SEM (1501),001-SEM (1088),0
1246,1,10,1,001-SEM (1110),001-SEM (1105),001-SEM (1537),1
1247,1,10,5,002-SEM (1414),001-SEM (1119),001-SEM (1099),0
1248,1,8,4,001-SEM (1384),004-SEM (1056),NA,1
1249,1,10,5,005-SEM (1059),004-SEM (1488),001-SEM (1116),0
1250,1,10,3,001-SEM (1401),001-SEM (1391),005-SEM (1059),1
1251,1,10,1,001-SEM (1118),002-SEM (1486),010-SEM (1446),0
1252,1,10,5,001-LEC (1348),017-SEM (1453),001-SEM (1531),0
1253,1,8,5,001-SEM (1124),001-SEM (1531),001-SEM (1054),0
1254,1,8,4,001-SEM (1480),001-LEC (1349),001-SEM (1116),0
1255,1,8,3,006-SEM (1198),002-SEM (1318),NA,1
1256,1,10,2,001-SEM (1125),001-SEM (1482),001-SEM (1119),0
1257,1,10,4,001-SEM (1097),005-SEM (1441),001-SEM (1505),0
1258,1,10,3,001-SEM (1346),001-LEC (1373),006-SEM (1442),0
1259,1,10,5,001-LEC (1303),002-SEM (1086),001-SEM (1099),0
1260,1,8,5,005-LEC (1307),001-SEM (1345),NA,1
1261,1,8,4,007-SEM (1491),001-SEM (1079),005-SEM (1441),1
1262,1,10,3,001-SEM (1541),002-SEM (1557),022-SEM (1458),0
1263,1,8,1,005-SEM (1441),001-LEC (1312),001-SEM (1053),0
1264,1,10,2,002-SEM (1474),001-SEM (1409),002-SEM (1476),0
1265,1,10,2,001-LEC (1398),007-SEM (1201),002-SEM (1093),1
1266,1,8,4,005-SEM (1509),001-SEM (1479),001-SEM (1343),0
1267,1,8,4,005-LEC (1307),010-SEM (1446),001-SEM (1106),0
1268,1,10,5,001-SEM (1055),001-SEM (1109),006-SEM (1490),0
1269,1,8,4,001-LEC (1403),001-SEM (1128),NA,0
1270,1,8,2,011-SEM (1447),008-SEM (1202),001-SEM (1048),0
1271,1,8,3,001-SEM (1485),001-SEM (1342),001-LEC (1370),1
1272,1,10,3,001-SEM (1382),001-SEM (1407),002-SEM (1414),0
1273,1,10,5,002-SEM (1095),001-SEM (1404),002-SEM (1474),0
1274,1,10,4,014-SEM (1450),001-SEM (1361),007-SEM (1201),0
1275,1,8,3,017-SEM (1453),003-SEM (1507),001-SEM (1084),0
1276,1,8,3,006-SEM (1442),001-LEC (1324),001-SEM (1067),1
1277,1,8,4,019-SEM (1455),002-SEM (1123),005-LEC (1307),1
1278,1,8,3,002-SEM (1414),025-SEM (1461),001-SEM (1083),0
1279,1,8,1,001-LEC (1398),023-SEM (1193),NA,0
1280,1,10,4,002-SEM (1526),001-LEC (1337),014-SEM (1184),0
1281,1,8,5,003-SEM (1299),001-SEM (1367),NA,0
1282,1,10,3,001-SEM (1359),001-SEM (1404),001-SEM (1055),1
1283,1,10,2,003-SEM (1527),001-SEM (1076),001-SEM (1075),1
1284,1,8,2,021-SEM (1191),003-SEM (1439),001-SEM (1052),1
1285,1,10,3,001-LEC (1064),016-SEM (1186),001-SEM (1098),0
1286,1,10,2,001-SEM (1054),001-SEM (1105),001-SEM (1082),1
1287,1,8,5,001-SEM (1341),002-SEM (1405),NA,0
1288,1,8,1,002-SEM (1476),002-SEM (1393),008-SEM (1202),0
1289,1,8,4,001-SEM (1358),014-SEM (1184),NA,1
1290,1,8,2,001-SEM (1531),026-SEM (1462),001-SEM (1361),0
1291,1,8,1,003-SEM (1487),001-SEM (1124),001-SEM (1106),0
1292,1,10,5,006-SEM (1490),001-SEM (1384),001-SEM (1048),0
1293,1,10,2,002-SEM (1087),001-SEM (1101),001-SEM (1501),0
1294,1,8,4,001-SEM (1108),001-LEC (1398),NA,1
1295,1,8,5,005-SEM (1509),015-SEM (1451),002-SEM (1393),0
1296,1,10,5,008-SEM (1512),001-SEM (1505),007-SEM (1511),0
1297,1,8,4,001-LEC (1398),019-SEM (1189),NA,1
1298,1,8,2,001-SEM (1327),001-SEM (1501),001-LEC (1324),0
1299,1,8,3,002-SEM (1825),008-SEM (1512),001-SEM (1096),1
1300,1,10,5,015-SEM (1185),004-SEM (1056),011-SEM (1447),1
1301,1,8,5,001-SEM (1409),002-SEM (1311),NA,1
1302,1,8,1,001-LEC (1068),001-SEM (1096),NA,1
1303,1,10,1,004-SEM (1488),006-SEM (1490),001-LEC (1302),0
1304,1,10,1,001-SEM (1081),003-SEM (1487),005-LEC (1307),1
1305,1,10,4,013-SEM (1183),001-SEM (1326),001-SEM (1382),1
1306,1,8,1,001-LEC (1068),001-SEM (1521),024-SEM (1460),0
1307,1,8,1,001-SEM (1081),003-SEM (1487),004-LEC (1305),1
1308,1,8,3,004-SEM (1056),002-SEM (1474),001-LEC (1568),0
1309,1,8,1,001-LEC (1337),002-SEM (1472),002-SEM (1092),0
1310,1,8,1,024-SEM (1194),020-SEM (1456),001-SEM (1084),0
1311,1,10,4,001-SEM (1334),002-SEM (1365),001-SEM (1051),0
1312,1,10,1,001-SEM (1361),016-SEM (1452),001-SEM (1067),0
1313,1,8,1,001-SEM (1525),005-LEC (1368),001-SEM (1088),0
1314,1,10,3,002-SEM (1557),001-SEM (1392),001-SEM (1110),0
1315,1,8,3,020-SEM (1456),001-SEM (1361),001-SEM (1097),0
1316,1,10,3,014-SEM (1450),003-SEM (1507),001-SEM (1525),0
1317,1,10,3,001-SEM (1083),001-SEM (1098),001-SEM (1112),0
1318,1,10,4,001-LEC (1324),007-SEM (1491),003-SEM (1507),0
1319,1,10,5,001-SEM (1381),001-SEM (1096),001-SEM (1535),0
1320,1,8,5,001-SEM (1501),002-SEM (1486),014-SEM (1450),0
1321,1,8,3,001-LEC (1029),001-SEM (1358),NA,1
1322,1,10,4,001-SEM (1084),001-SEM (1080),003-SEM (1507),0
1323,1,8,4,001-SEM (1113),001-SEM (1367),NA,1
1324,1,8,3,001-LEC (1568),001-SEM (1080),NA,1
1325,1,8,3,004-SEM (1508),002-SEM (1472),001-SEM (1098),0
1326,1,10,3,001-SEM (1112),001-LEC (1029),005-LEC (1307),0
1327,1,10,4,005-SEM (1509),001-SEM (1404),002-SEM (1476),0
1328,1,10,3,006-SEM (1090),001-SEM (1128),002-SEM (1484),0
1329,1,8,3,004-SEM (1488),001-SEM (1112),001-LEC (1337),0
1330,1,8,2,021-SEM (1191),001-SEM (1413),001-SEM (1341),0
1331,1,8,2,002-SEM (1470),001-SEM (1401),001-LEC (1373),1
1332,1,8,2,001-SEM (1541),006-SEM (1490),001-SEM (1105),0
1333,1,10,4,018-SEM (1188),001-SEM (1367),002-SEM (1827),1
1334,1,10,5,001-SEM (1382),003-SEM (1439),001-SEM (1085),0
1335,1,10,2,024-SEM (1194),001-LEC (1374),015-SEM (1185),1
1336,1,10,4,001-SEM (1390),001-SEM (1343),001-SEM (1098),0
1337,1,8,5,001-SEM (1098),001-SEM (1075),NA,0
1338,1,8,2,001-SEM (1124),001-SEM (1537),NA,1
1339,1,8,3,001-SEM (1124),001-SEM (1342),NA,1
1340,1,10,1,001-SEM (1096),001-SEM (1110),002-SEM (1073),1
1341,1,8,5,001-SEM (1501),008-SEM (1512),001-SEM (1099),1
1342,1,10,3,001-SEM (1367),012-SEM (1448),016-SEM (1186),1
1343,1,10,3,001-SEM (1390),001-SEM (1504),001-SEM (1407),0
1344,1,10,1,001-SEM (1556),001-SEM (1409),002-SEM (1476),0
1345,1,8,1,001-SEM (1556),002-SEM (1095),001-SEM (1521),0
1346,1,10,1,025-SEM (1461),003-SEM (1299),003-SEM (1487),0
1347,1,8,3,002-SEM (1827),001-LEC (1398),001-SEM (1054),1
1348,1,8,1,001-SEM (1075),001-SEM (1404),NA,1
1349,1,10,2,001-SEM (1381),005-SEM (1441),001-SEM (1082),1
1350,1,10,2,001-SEM (1097),003-SEM (1527),008-SEM (1202),1
1351,1,8,5,001-LEC (1568),001-SEM (1088),NA,1
1352,1,10,5,001-SEM (1394),015-SEM (1185),001-SEM (1326),0
1353,1,8,3,001-SEM (1376),004-LEC (1387),NA,1
1354,1,8,1,003-SEM (1487),002-LEC (1352),002-SEM (1365),1
1355,1,10,4,001-SEM (1341),001-LEC (1303),007-SEM (1491),0
1356,1,10,5,001-SEM (1359),001-SEM (1075),001-SEM (1504),0
1357,1,10,2,001-SEM (1559),001-LEC (1568),022-SEM (1458),1
1358,1,10,5,007-SEM (1201),001-SEM (1096),001-SEM (1055),0
1359,1,10,3,001-SEM (1537),024-SEM (1194),001-SEM (1525),0
1360,1,10,1,001-SEM (1054),001-SEM (1406),014-SEM (1450),0
1361,1,10,3,001-SEM (1096),006-SEM (1442),002-SEM (1311),0
1362,1,10,3,005-SEM (1441),001-SEM (1394),015-SEM (1185),1
1363,1,10,5,001-SEM (1392),002-SEM (1474),001-SEM (1480),0
1364,1,10,3,001-SEM (1083),002-LEC (1352),018-SEM (1188),0
1365,1,8,2,001-LEC (1403),001-SEM (1098),NA,0
1366,1,8,2,013-SEM (1183),001-SEM (1124),NA,1
1367,1,10,4,001-SEM (1115),001-SEM (1559),001-LEC (1349),1
1368,1,10,1,001-SEM (1359),006-SEM (1090),001-SEM (1052),1
1369,1,8,1,001-SEM (1108),021-SEM (1457),002-SEM (1318),0
1370,1,8,3,001-SEM (1504),004-SEM (1508),001-SEM (1479),0
1371,1,10,2,015-SEM (1185),002-SEM (1123),001-SEM (1063),1
1372,1,8,2,005-SEM (1509),001-LEC (1066),001-SEM (1390),0
1373,1,10,3,001-SEM (1076),001-SEM (1406),002-SEM (1472),0
1374,1,8,4,008-SEM (1202),023-SEM (1459),001-SEM (1350),1
1375,1,8,4,018-SEM (1454),002-SEM (1506),002-SEM (1474),0
1376,1,8,5,001-SEM (1401),001-LEC (1068),NA,1
1377,1,10,3,001-SEM (1406),002-SEM (1074),001-SEM (1524),0
1378,1,10,5,005-SEM (1441),001-SEM (1085),001-LEC (1066),1
1379,1,10,3,001-SEM (1334),002-SEM (1825),017-SEM (1453),1
1380,1,10,3,001-SEM (1482),001-SEM (1358),003-LEC (1385),1
1381,1,10,3,001-SEM (1390),007-SEM (1511),005-SEM (1199),0
1382,1,8,3,001-SEM (1118),001-SEM (1075),NA,1
1383,1,8,4,024-SEM (1460),001-SEM (1531),001-SEM (1108),0
1384,1,8,2,001-SEM (1082),001-SEM (1345),NA,1
1385,1,10,1,001-LEC (1061),024-SEM (1194),001-SEM (1105),1
1386,1,8,4,015-SEM (1185),001-SEM (1395),NA,0
1387,1,8,2,002-SEM (1557),003-SEM (1527),016-SEM (1186),0
1388,1,8,2,005-SEM (1441),002-SEM (1825),002-SEM (1086),0
1389,1,8,3,001-SEM (1099),001-SEM (1108),NA,1
1390,1,8,4,001-SEM (1105),001-SEM (1112),NA,1
1391,1,10,4,018-SEM (1454),019-SEM (1189),014-SEM (1184),0
1392,1,10,3,001-SEM (1556),005-LEC (1368),001-SEM (1122),0
1393,1,8,3,003-SEM (1377),003-SEM (1527),008-SEM (1444),1
1394,1,8,1,006-SEM (1442),001-SEM (1125),001-SEM (1088),0
1395,1,8,5,002-SEM (1470),020-SEM (1190),001-SEM (1367),0
1396,1,8,3,018-SEM (1454),001-SEM (1054),006-SEM (1090),0
1397,1,8,1,001-SEM (1395),001-SEM (1124),NA,0
1398,1,8,4,013-SEM (1183),001-SEM (1114),NA,1
1399,1,8,4,002-SEM (1060),001-SEM (1479),002-SEM (1405),0
1400,1,10,2,001-SEM (1121),001-SEM (1063),002-SEM (1129),0
1401,1,8,5,001-SEM (1122),008-SEM (1512),014-SEM (1450),0
1402,1,8,3,001-SEM (1382),008-SEM (1492),001-SEM (1054),0
1403,1,8,5,001-SEM (1053),009-SEM (1445),001-SEM (1048),1
1404,1,10,4,001-SEM (1121),002-SEM (1123),002-SEM (1095),1
1405,1,10,2,001-SEM (1108),001-LEC (1064),002-SEM (1506),0
1406,1,10,2,005-SEM (1509),009-SEM (1445),001-SEM (1407),1
1407,1,8,3,002-SEM (1086),007-SEM (1201),NA,0
1408,1,8,4,002-SEM (1365),005-LEC (1307),NA,1
1409,1,8,5,001-SEM (1479),002-SEM (1393),003-SEM (1377),0
1410,1,8,5,004-LEC (1387),001-LEC (1302),NA,1
1411,1,8,5,001-SEM (1541),001-LEC (1374),NA,1
1412,1,10,3,001-SEM (1053),004-SEM (1936),001-SEM (1112),0
1413,1,8,4,022-SEM (1458),001-SEM (1108),001-SEM (1128),0
1414,1,8,4,005-LEC (1307),014-SEM (1450),002-SEM (1086),0
1415,1,10,1,002-SEM (1129),003-SEM (1507),001-SEM (1109),0
1416,1,8,4,005-SEM (1199),002-SEM (1332),NA,1
1417,1,10,5,008-SEM (1512),002-SEM (1332),001-SEM (1524),0
1418,1,8,4,013-SEM (1183),001-SEM (1343),NA,1
1419,1,8,1,001-SEM (1334),026-SEM (1462),008-SEM (1444),1
1420,1,8,5,001-SEM (1105),022-SEM (1192),NA,1
1421,1,8,3,001-SEM (1382),001-SEM (1052),NA,1
1422,1,10,3,002-SEM (1092),001-SEM (1101),001-LEC (1312),1
1423,1,10,1,001-LEC (1066),001-SEM (1063),001-LEC (1324),1
1424,1,10,5,004-SEM (1936),001-SEM (1119),001-SEM (1350),0
1425,1,10,2,002-SEM (1123),001-SEM (1327),002-SEM (1095),1
1426,1,10,3,001-LEC (1348),001-SEM (1381),001-SEM (1501),1
1427,1,10,5,001-SEM (1343),002-SEM (1093),002-SEM (1825),0
1428,1,10,5,002-SEM (1476),015-SEM (1451),002-SEM (1332),0
1429,1,8,1,001-SEM (1099),025-SEM (1461),007-SEM (1443),0
1430,1,8,3,022-SEM (1458),006-SEM (1510),001-SEM (1085),1
1431,1,8,3,001-SEM (1115),001-SEM (1116),NA,1
1432,1,8,2,001-SEM (1410),006-SEM (1198),NA,1
1433,1,8,1,004-SEM (1440),001-LEC (1064),011-SEM (1447),0
1434,1,8,4,001-SEM (1121),002-SEM (1318),NA,1
1435,1,10,3,016-SEM (1452),022-SEM (1458),001-LEC (1324),1
1436,1,8,3,019-SEM (1189),001-SEM (1048),NA,1
1437,1,10,4,001-LEC (1348),001-SEM (1524),001-LEC (1312),0
1438,1,10,4,002-SEM (1093),001-LEC (1068),001-SEM (1326),1
1439,1,10,3,001-SEM (1346),026-SEM (1462),002-SEM (1074),1
1440,1,10,1,026-SEM (1462),003-SEM (1487),001-SEM (1382),1
1441,1,8,2,007-SEM (1443),001-SEM (1088),006-SEM (1510),0
1442,1,10,4,001-SEM (1106),002-SEM (1365),005-SEM (1509),1
1443,1,10,5,006-SEM (1198),001-SEM (1327),002-SEM (1311),1
1444,1,8,3,001-SEM (1404),001-SEM (1110),NA,0
1445,1,8,5,002-SEM (1414),001-SEM (1099),001-SEM (1541),0
1446,1,8,3,001-LEC (1029),008-SEM (1444),001-SEM (1406),0
1447,1,10,3,013-SEM (1449),008-SEM (1444),022-SEM (1458),1
1448,1,8,5,003-SEM (1527),008-SEM (1512),001-SEM (1115),1
1449,1,8,4,001-SEM (1052),001-LEC (1320),NA,1
1450,1,10,1,001-SEM (1105),003-SEM (1527),002-SEM (1073),0
1451,1,10,5,022-SEM (1192),001-SEM (1078),007-SEM (1201),1
1452,1,10,1,001-SEM (1525),022-SEM (1458),001-LEC (1061),0
1453,1,10,2,001-SEM (1350),022-SEM (1192),001-SEM (1075),1
1454,1,8,1,001-SEM (1346),002-SEM (1827),001-SEM (1556),0
1455,1,10,4,008-SEM (1492),002-SEM (1311),001-SEM (1326),0
1456,1,10,4,007-SEM (1511),002-SEM (1073),001-SEM (1480),0
1457,1,10,5,001-SEM (1082),002-SEM (1093),007-SEM (1511),0
1458,1,10,3,004-LEC (1305),001-SEM (1084),001-SEM (1381),0
1459,1,8,2,001-SEM (1413),003-SEM (1299),026-SEM (1462),1
1460,1,10,3,001-SEM (1125),026-SEM (1462),001-SEM (1535),0
1461,1,8,2,001-SEM (1063),020-SEM (1456),001-SEM (1358),0
1462,1,8,1,005-LEC (1307),001-SEM (1401),NA,1
1463,1,10,5,001-SEM (1109),024-SEM (1194),002-SEM (1414),0
1464,1,10,4,020-SEM (1456),002-SEM (1476),001-SEM (1359),0
1465,1,10,3,013-SEM (1449),020-SEM (1456),001-SEM (1501),0
1466,1,10,4,001-SEM (1085),001-SEM (1482),003-SEM (1487),0
1467,1,10,4,005-SEM (1441),003-SEM (1487),001-SEM (1101),0
1468,1,10,1,001-SEM (1104),001-LEC (1568),001-SEM (1531),1
1469,1,10,4,004-LEC (1305),001-SEM (1350),001-SEM (1110),1
1470,1,8,1,001-SEM (1395),019-SEM (1455),002-SEM (1825),0
1471,1,10,2,001-SEM (1413),001-SEM (1485),002-SEM (1092),1
1472,1,10,4,001-SEM (1099),001-SEM (1118),001-LEC (1370),1
1473,1,10,4,016-SEM (1186),006-SEM (1490),001-SEM (1482),0
1474,1,8,2,001-SEM (1401),001-SEM (1406),NA,1
1475,1,8,1,001-SEM (1050),001-SEM (1407),NA,1
1476,1,10,2,001-SEM (1096),001-SEM (1054),001-LEC (1064),0
1477,1,8,5,001-SEM (1361),001-SEM (1350),NA,1
1478,1,10,2,013-SEM (1183),001-SEM (1099),004-SEM (1440),1
1479,1,10,5,001-LEC (1568),002-SEM (1095),002-SEM (1405),1
1480,1,8,3,001-SEM (1067),001-SEM (1326),NA,1
1481,1,8,2,001-LEC (1064),006-SEM (1442),001-SEM (1382),0
1482,1,8,3,001-SEM (1404),001-SEM (1096),NA,1
1483,1,10,2,001-LEC (1064),002-SEM (1087),001-LEC (1320),0
1484,1,8,3,007-SEM (1511),009-SEM (1445),001-SEM (1096),0
1485,1,8,1,001-SEM (1410),002-SEM (1486),014-SEM (1450),0
1486,1,10,5,005-SEM (1199),001-SEM (1934),001-SEM (1394),0
1487,1,10,2,002-SEM (1557),001-SEM (1334),001-SEM (1065),0
1488,1,8,2,001-SEM (1121),001-SEM (1084),NA,1
1489,1,8,5,002-SEM (1825),021-SEM (1191),002-LEC (1352),0
1490,1,10,4,001-LEC (1029),007-SEM (1511),002-SEM (1405),0
1491,1,10,4,001-SEM (1535),001-LEC (1373),008-SEM (1202),0
1492,1,8,4,002-SEM (1129),003-SEM (1439),001-SEM (1934),0
1493,1,8,1,001-SEM (1376),002-SEM (1060),NA,1
1494,1,8,5,022-SEM (1192),001-SEM (1559),NA,1
1495,1,10,2,003-SEM (1439),024-SEM (1194),005-LEC (1368),1
1496,1,8,1,002-SEM (1484),001-LEC (1324),002-SEM (1470),0
1497,1,10,4,022-SEM (1192),003-SEM (1487),004-LEC (1305),0
1498,1,10,3,008-SEM (1512),003-SEM (1527),002-SEM (1318),0
1499,1,10,2,001-SEM (1109),026-SEM (1462),001-SEM (1050),0
1500,1,10,4,001-SEM (1115),013-SEM (1449),001-SEM (1350),1
1501,1,8,5,001-SEM (1081),002-SEM (1123),NA,1
1502,1,10,1,001-SEM (1395),001-SEM (1109),001-SEM (1480),0
1503,1,10,1,001-SEM (1101),020-SEM (1456),001-SEM (1124),0
1504,1,8,1,001-SEM (1334),001-SEM (1382),NA,1
1505,1,10,1,004-SEM (1440),024-SEM (1460),018-SEM (1188),0
1506,1,8,2,001-SEM (1394),022-SEM (1458),001-SEM (1122),1
1507,1,8,2,003-SEM (1487),008-SEM (1202),008-SEM (1492),0
1508,1,8,3,019-SEM (1189),007-SEM (1443),001-SEM (1110),0
1509,1,10,2,024-SEM (1194),002-SEM (1526),001-SEM (1381),0
1510,1,8,2,001-SEM (1345),014-SEM (1450),001-SEM (1350),0
1511,1,10,4,001-SEM (1556),001-SEM (1083),001-SEM (1099),0
1512,1,10,4,001-SEM (1085),007-SEM (1491),025-SEM (1461),0
1513,1,8,2,007-SEM (1511),001-SEM (1109),004-SEM (1056),0
1514,1,8,4,007-SEM (1491),002-SEM (1393),002-LEC (1352),1
1515,1,8,5,023-SEM (1193),001-SEM (1081),NA,0
1516,1,8,3,001-SEM (1480),002-SEM (1472),002-SEM (1074),0
1517,1,8,5,001-SEM (1076),022-SEM (1458),001-SEM (1085),0
1518,1,10,5,002-SEM (1827),010-SEM (1446),001-LEC (1126),0
1519,1,10,2,001-SEM (1537),001-LEC (1568),001-LEC (1066),1
1520,1,8,4,001-SEM (1110),001-LEC (1064),NA,0
1521,1,10,2,002-SEM (1095),009-SEM (1445),001-LEC (1126),0
1522,1,10,2,001-LEC (1348),001-SEM (1081),001-SEM (1537),1
1523,1,10,4,007-SEM (1491),001-SEM (1081),001-SEM (1382),0
1524,1,8,3,001-SEM (1359),010-SEM (1446),007-SEM (1491),0
1525,1,8,4,001-SEM (1358),022-SEM (1458),015-SEM (1451),0
1526,1,8,4,002-SEM (1129),009-SEM (1445),001-SEM (1350),1
1527,1,8,1,018-SEM (1188),006-SEM (1442),001-SEM (1326),1
1528,1,8,5,006-SEM (1510),001-LEC (1370),001-SEM (1479),0
1529,1,10,1,001-SEM (1067),005-SEM (1441),020-SEM (1190),1
1530,1,10,4,001-LEC (1568),001-SEM (1101),001-SEM (1409),0
1531,1,8,4,001-SEM (1118),002-SEM (1472),001-SEM (1083),1
1532,1,8,4,007-SEM (1443),001-SEM (1541),001-LEC (1029),0
1533,1,8,3,006-SEM (1442),001-SEM (1050),016-SEM (1186),1
1534,1,10,1,001-LEC (1029),001-SEM (1392),001-SEM (1934),0
1535,1,8,4,001-SEM (1111),001-SEM (1051),NA,1
1536,1,8,2,001-SEM (1559),001-SEM (1116),NA,1
1537,1,8,1,004-SEM (1508),001-SEM (1358),003-LEC (1385),0
1538,1,8,1,001-SEM (1067),001-SEM (1125),NA,0
1539,1,8,3,001-SEM (1479),001-SEM (1361),001-SEM (1413),0
1540,1,10,3,001-SEM (1091),002-SEM (1095),001-SEM (1479),0
1541,1,10,5,015-SEM (1185),001-SEM (1054),001-SEM (1051),0
1542,1,8,3,001-SEM (1121),005-SEM (1489),001-LEC (1568),1
1543,1,8,5,001-SEM (1334),001-SEM (1101),NA,0
1544,1,10,2,001-LEC (1302),002-SEM (1129),022-SEM (1458),1
1545,1,10,5,007-SEM (1511),001-SEM (1376),002-SEM (1472),0
1546,1,8,3,001-SEM (1482),001-SEM (1124),001-SEM (1053),1
1547,1,8,2,004-SEM (1440),001-LEC (1303),001-LEC (1061),1
1548,1,8,5,004-LEC (1387),015-SEM (1451),001-SEM (1063),0
1549,1,8,2,001-LEC (1349),001-SEM (1108),NA,1
1550,1,10,1,001-SEM (1114),016-SEM (1186),024-SEM (1460),0
